cases,customer,item_type,material,ph_level2,ph_level3,sku,sku_description,uom,warehouse,__idx
24,JD,Cleanser,80693598,Face,FAB,815517025992,FAB FACE CLEANSER 5.0OZ 142GX24 NOV21,G,Chengdu_PG,0
24,JD,Cleanser,80693598,Face,FAB,815517025992,FAB FACE CLEANSER 5.0OZ 142GX24 NOV21,G,Luogang_PG,1
24,TMALL,Cleanser,80693598,Face,FAB,815517025992,FAB FACE CLEANSER 5.0OZ 142GX24 NOV21,G,Luogang_PG,2
24,JD,Cleanser,80693598,Face,FAB,815517025992,FAB FACE CLEANSER 5.0OZ 142GX24 NOV21,G,Shenyang_PG,3
24,JD,Cleanser,80693598,Face,FAB,815517025992,FAB FACE CLEANSER 5.0OZ 142GX24 NOV21,G,Taicang_PG,4
24,TMALL,Cleanser,80693598,Face,FAB,815517025992,FAB FACE CLEANSER 5.0OZ 142GX24 NOV21,G,Taicang_PG,5
24,JD,Cleanser,80693598,Face,FAB,815517025992,FAB FACE CLEANSER 5.0OZ 142GX24 NOV21,G,Wuhan_PG,6
24,JD,Cleanser,80693598,Face,FAB,815517025992,FAB FACE CLEANSER 5.0OZ 142GX24 NOV21,G,Xian_PG,7
24,JD,Cleanser,80693598,Face,FAB,815517025992,FAB FACE CLEANSER 5.0OZ 142GX24 NOV21,G,Xiqing_PG,8
24,TMALL,Cleanser,80693598,Face,FAB,815517025992,FAB FACE CLEANSER 5.0OZ 142GX24 NOV21,G,Xiqing_PG,9
12,JD,Cream,82314748,Ultra Repair,FAB,815517026005,FAB ULTRA REPAIR CRM 6.0OZ 170GX12 JUL20,G,Chengdu_PG,10
12,JD,Cream,82314748,Ultra Repair,FAB,815517026005,FAB ULTRA REPAIR CRM 6.0OZ 170GX12 JUL20,G,Luogang_PG,11
12,TMALL,Cream,82314748,Ultra Repair,FAB,815517026005,FAB ULTRA REPAIR CRM 6.0OZ 170GX12 JUL20,G,Luogang_PG,12
12,JD,Cream,82314748,Ultra Repair,FAB,815517026005,FAB ULTRA REPAIR CRM 6.0OZ 170GX12 JUL20,G,Shenyang_PG,13
12,JD,Cream,82314748,Ultra Repair,FAB,815517026005,FAB ULTRA REPAIR CRM 6.0OZ 170GX12 JUL20,G,Taicang_PG,14
12,TMALL,Cream,82314748,Ultra Repair,FAB,815517026005,FAB ULTRA REPAIR CRM 6.0OZ 170GX12 JUL20,G,Taicang_PG,15
12,JD,Cream,82314748,Ultra Repair,FAB,815517026005,FAB ULTRA REPAIR CRM 6.0OZ 170GX12 JUL20,G,Wuhan_PG,16
12,JD,Cream,82314748,Ultra Repair,FAB,815517026005,FAB ULTRA REPAIR CRM 6.0OZ 170GX12 JUL20,G,Xian_PG,17
12,JD,Cream,82314748,Ultra Repair,FAB,815517026005,FAB ULTRA REPAIR CRM 6.0OZ 170GX12 JUL20,G,Xiqing_PG,18
12,TMALL,Cream,82314748,Ultra Repair,FAB,815517026005,FAB ULTRA REPAIR CRM 6.0OZ 170GX12 JUL20,G,Xiqing_PG,19
24,TMALL,Cream,82314747,Ultra Repair,FAB,815517026012,FAB UT RPAR CRM 2.0OZ 56.7GX24 TUB JUL20,G,Taicang_PG,20
25,JD,Cream,82314725,Face,FAB,815517026029,FAB CRM GRAPEFRUIT 2.0OZ 56.7GX24 SEP20,G,Chengdu_PG,21
25,JD,Cream,82314725,Face,FAB,815517026029,FAB CRM GRAPEFRUIT 2.0OZ 56.7GX24 SEP20,G,Luogang_PG,22
25,TMALL,Cream,82314725,Face,FAB,815517026029,FAB CRM GRAPEFRUIT 2.0OZ 56.7GX24 SEP20,G,Luogang_PG,23
25,JD,Cream,82314725,Face,FAB,815517026029,FAB CRM GRAPEFRUIT 2.0OZ 56.7GX24 SEP20,G,Shenyang_PG,24
25,JD,Cream,82314725,Face,FAB,815517026029,FAB CRM GRAPEFRUIT 2.0OZ 56.7GX24 SEP20,G,Taicang_PG,25
25,TMALL,Cream,82314725,Face,FAB,815517026029,FAB CRM GRAPEFRUIT 2.0OZ 56.7GX24 SEP20,G,Taicang_PG,26
25,JD,Cream,82314725,Face,FAB,815517026029,FAB CRM GRAPEFRUIT 2.0OZ 56.7GX24 SEP20,G,Wuhan_PG,27
25,JD,Cream,82314725,Face,FAB,815517026029,FAB CRM GRAPEFRUIT 2.0OZ 56.7GX24 SEP20,G,Xian_PG,28
25,JD,Cream,82314725,Face,FAB,815517026029,FAB CRM GRAPEFRUIT 2.0OZ 56.7GX24 SEP20,G,Xiqing_PG,29
25,TMALL,Cream,82314725,Face,FAB,815517026029,FAB CRM GRAPEFRUIT 2.0OZ 56.7GX24 SEP20,G,Xiqing_PG,30
24,JD,Cream,82314745,Ultra Repair,FAB,815517026036,FAB UT RPAR CRM 2.0OZ 56.7GX24 JAR JUL20,G,Chengdu_PG,31
24,JD,Cream,82314745,Ultra Repair,FAB,815517026036,FAB UT RPAR CRM 2.0OZ 56.7GX24 JAR JUL20,G,Luogang_PG,32
24,TMALL,Cream,82314745,Ultra Repair,FAB,815517026036,FAB UT RPAR CRM 2.0OZ 56.7GX24 JAR JUL20,G,Luogang_PG,33
24,JD,Cream,82314745,Ultra Repair,FAB,815517026036,FAB UT RPAR CRM 2.0OZ 56.7GX24 JAR JUL20,G,Shenyang_PG,34
24,JD,Cream,82314745,Ultra Repair,FAB,815517026036,FAB UT RPAR CRM 2.0OZ 56.7GX24 JAR JUL20,G,Taicang_PG,35
24,TMALL,Cream,82314745,Ultra Repair,FAB,815517026036,FAB UT RPAR CRM 2.0OZ 56.7GX24 JAR JUL20,G,Taicang_PG,36
24,JD,Cream,82314745,Ultra Repair,FAB,815517026036,FAB UT RPAR CRM 2.0OZ 56.7GX24 JAR JUL20,G,Wuhan_PG,37
24,JD,Cream,82314745,Ultra Repair,FAB,815517026036,FAB UT RPAR CRM 2.0OZ 56.7GX24 JAR JUL20,G,Xian_PG,38
24,JD,Cream,82314745,Ultra Repair,FAB,815517026036,FAB UT RPAR CRM 2.0OZ 56.7GX24 JAR JUL20,G,Xiqing_PG,39
24,TMALL,Cream,82314745,Ultra Repair,FAB,815517026036,FAB UT RPAR CRM 2.0OZ 56.7GX24 JAR JUL20,G,Xiqing_PG,40
24,JD,Moisturizer,82314723,Ultra Repair,FAB,815517026043,FAB UTRP MOISTURIZER 1.7OZ 50MLX24 SEP20,ML,Chengdu_PG,41
24,JD,Moisturizer,82314723,Ultra Repair,FAB,815517026043,FAB UTRP MOISTURIZER 1.7OZ 50MLX24 SEP20,ML,Luogang_PG,42
24,TMALL,Moisturizer,82314723,Ultra Repair,FAB,815517026043,FAB UTRP MOISTURIZER 1.7OZ 50MLX24 SEP20,ML,Luogang_PG,43
24,JD,Moisturizer,82314723,Ultra Repair,FAB,815517026043,FAB UTRP MOISTURIZER 1.7OZ 50MLX24 SEP20,ML,Shenyang_PG,44
24,JD,Moisturizer,82314723,Ultra Repair,FAB,815517026043,FAB UTRP MOISTURIZER 1.7OZ 50MLX24 SEP20,ML,Taicang_PG,45
24,TMALL,Moisturizer,82314723,Ultra Repair,FAB,815517026043,FAB UTRP MOISTURIZER 1.7OZ 50MLX24 SEP20,ML,Taicang_PG,46
24,JD,Moisturizer,82314723,Ultra Repair,FAB,815517026043,FAB UTRP MOISTURIZER 1.7OZ 50MLX24 SEP20,ML,Wuhan_PG,47
24,JD,Moisturizer,82314723,Ultra Repair,FAB,815517026043,FAB UTRP MOISTURIZER 1.7OZ 50MLX24 SEP20,ML,Xian_PG,48
24,JD,Moisturizer,82314723,Ultra Repair,FAB,815517026043,FAB UTRP MOISTURIZER 1.7OZ 50MLX24 SEP20,ML,Xiqing_PG,49
24,TMALL,Moisturizer,82314723,Ultra Repair,FAB,815517026043,FAB UTRP MOISTURIZER 1.7OZ 50MLX24 SEP20,ML,Xiqing_PG,50
24,JD,Serum,82314724,Ultra Repair,FAB,815517026050,FAB UT RP HYDR SERUM 1.7OZ 50MLX24 SEP20,ML,Luogang_PG,51
24,TMALL,Serum,82314724,Ultra Repair,FAB,815517026050,FAB UT RP HYDR SERUM 1.7OZ 50MLX24 SEP20,ML,Luogang_PG,52
24,JD,Serum,82314724,Ultra Repair,FAB,815517026050,FAB UT RP HYDR SERUM 1.7OZ 50MLX24 SEP20,ML,Shenyang_PG,53
24,JD,Serum,82314724,Ultra Repair,FAB,815517026050,FAB UT RP HYDR SERUM 1.7OZ 50MLX24 SEP20,ML,Taicang_PG,54
24,TMALL,Serum,82314724,Ultra Repair,FAB,815517026050,FAB UT RP HYDR SERUM 1.7OZ 50MLX24 SEP20,ML,Taicang_PG,55
24,JD,Serum,82314724,Ultra Repair,FAB,815517026050,FAB UT RP HYDR SERUM 1.7OZ 50MLX24 SEP20,ML,Wuhan_PG,56
24,JD,Serum,82314724,Ultra Repair,FAB,815517026050,FAB UT RP HYDR SERUM 1.7OZ 50MLX24 SEP20,ML,Xian_PG,57
24,JD,Serum,82314724,Ultra Repair,FAB,815517026050,FAB UT RP HYDR SERUM 1.7OZ 50MLX24 SEP20,ML,Xiqing_PG,58
12,JD,Mask,82314750,Ultra Repair,FAB,815517026067,FAB UTRP OAT TNR 6.0OZ177MLX12 JUL20,ML,Chengdu_PG,59
12,JD,Mask,82314750,Ultra Repair,FAB,815517026067,FAB UTRP OAT TNR 6.0OZ177MLX12 JUL20,ML,Luogang_PG,60
12,TMALL,Mask,82314750,Ultra Repair,FAB,815517026067,FAB UTRP OAT TNR 6.0OZ177MLX12 JUL20,ML,Luogang_PG,61
12,JD,Mask,82314750,Ultra Repair,FAB,815517026067,FAB UTRP OAT TNR 6.0OZ177MLX12 JUL20,ML,Shenyang_PG,62
12,JD,Mask,82314750,Ultra Repair,FAB,815517026067,FAB UTRP OAT TNR 6.0OZ177MLX12 JUL20,ML,Taicang_PG,63
12,TMALL,Mask,82314750,Ultra Repair,FAB,815517026067,FAB UTRP OAT TNR 6.0OZ177MLX12 JUL20,ML,Taicang_PG,64
12,JD,Mask,82314750,Ultra Repair,FAB,815517026067,FAB UTRP OAT TNR 6.0OZ177MLX12 JUL20,ML,Wuhan_PG,65
12,JD,Mask,82314750,Ultra Repair,FAB,815517026067,FAB UTRP OAT TNR 6.0OZ177MLX12 JUL20,ML,Xian_PG,66
12,JD,Mask,82314750,Ultra Repair,FAB,815517026067,FAB UTRP OAT TNR 6.0OZ177MLX12 JUL20,ML,Xiqing_PG,67
24,JD,Cleanser,82314722,Face,FAB,815517026081,FAB GENT FOAM CLSR 4.5OZ 133MLX24 JUL20,ML,Luogang_PG,68
24,TMALL,Cleanser,82314722,Face,FAB,815517026081,FAB GENT FOAM CLSR 4.5OZ 133MLX24 JUL20,ML,Luogang_PG,69
24,JD,Cleanser,82314722,Face,FAB,815517026081,FAB GENT FOAM CLSR 4.5OZ 133MLX24 JUL20,ML,Taicang_PG,70
24,TMALL,Cleanser,82314722,Face,FAB,815517026081,FAB GENT FOAM CLSR 4.5OZ 133MLX24 JUL20,ML,Taicang_PG,71
24,JD,Cleanser,82314722,Face,FAB,815517026081,FAB GENT FOAM CLSR 4.5OZ 133MLX24 JUL20,ML,Xiqing_PG,72
24,TMALL,Cleanser,82314722,Face,FAB,815517026081,FAB GENT FOAM CLSR 4.5OZ 133MLX24 JUL20,ML,Xiqing_PG,73
24,JD,Cream,82314746,Ultra Repair,FAB,815517026265,FAB UT RPAR CRM 4.0OZ 113GX24 JAR JUL20,G,Chengdu_PG,74
24,JD,Cream,82314746,Ultra Repair,FAB,815517026265,FAB UT RPAR CRM 4.0OZ 113GX24 JAR JUL20,G,Luogang_PG,75
24,TMALL,Cream,82314746,Ultra Repair,FAB,815517026265,FAB UT RPAR CRM 4.0OZ 113GX24 JAR JUL20,G,Luogang_PG,76
24,JD,Cream,82314746,Ultra Repair,FAB,815517026265,FAB UT RPAR CRM 4.0OZ 113GX24 JAR JUL20,G,Shenyang_PG,77
24,JD,Cream,82314746,Ultra Repair,FAB,815517026265,FAB UT RPAR CRM 4.0OZ 113GX24 JAR JUL20,G,Taicang_PG,78
24,TMALL,Cream,82314746,Ultra Repair,FAB,815517026265,FAB UT RPAR CRM 4.0OZ 113GX24 JAR JUL20,G,Taicang_PG,79
24,JD,Cream,82314746,Ultra Repair,FAB,815517026265,FAB UT RPAR CRM 4.0OZ 113GX24 JAR JUL20,G,Wuhan_PG,80
24,JD,Cream,82314746,Ultra Repair,FAB,815517026265,FAB UT RPAR CRM 4.0OZ 113GX24 JAR JUL20,G,Xian_PG,81
24,JD,Cream,82314746,Ultra Repair,FAB,815517026265,FAB UT RPAR CRM 4.0OZ 113GX24 JAR JUL20,G,Xiqing_PG,82
24,JD,Pads,80729284,Face,FAB,815517026272,FAB FACIAL RADIANCE PADS 28PCSX24 SEP 22,Pcs,Taicang_PG,83
24,TMALL,Pads,80729284,Face,FAB,815517026272,FAB FACIAL RADIANCE PADS 28PCSX24 SEP 22,Pcs,Taicang_PG,84
1,JD,Moisturizer,82324284,Ultra Repair,FAB,815517026999,Ultra Repair Oil control moisturizer - 1.7fl oz Jar,Oz,Chengdu_PG,85
1,DY,Moisturizer,82324284,Ultra Repair,FAB,815517026999,Ultra Repair Oil control moisturizer - 1.7fl oz Jar,Oz,Luogang_PG,86
1,JD,Moisturizer,82324284,Ultra Repair,FAB,815517026999,Ultra Repair Oil control moisturizer - 1.7fl oz Jar,Oz,Luogang_PG,87
1,TMALL,Moisturizer,82324284,Ultra Repair,FAB,815517026999,Ultra Repair Oil control moisturizer - 1.7fl oz Jar,Oz,Luogang_PG,88
1,JD,Moisturizer,82324284,Ultra Repair,FAB,815517026999,Ultra Repair Oil control moisturizer - 1.7fl oz Jar,Oz,Shenyang_PG,89
1,DY,Moisturizer,82324284,Ultra Repair,FAB,815517026999,Ultra Repair Oil control moisturizer - 1.7fl oz Jar,Oz,Taicang_PG,90
1,JD,Moisturizer,82324284,Ultra Repair,FAB,815517026999,Ultra Repair Oil control moisturizer - 1.7fl oz Jar,Oz,Taicang_PG,91
1,TMALL,Moisturizer,82324284,Ultra Repair,FAB,815517026999,Ultra Repair Oil control moisturizer - 1.7fl oz Jar,Oz,Taicang_PG,92
1,JD,Moisturizer,82324284,Ultra Repair,FAB,815517026999,Ultra Repair Oil control moisturizer - 1.7fl oz Jar,Oz,Wuhan_PG,93
1,JD,Moisturizer,82324284,Ultra Repair,FAB,815517026999,Ultra Repair Oil control moisturizer - 1.7fl oz Jar,Oz,Xian_PG,94
1,JD,Moisturizer,82324284,Ultra Repair,FAB,815517026999,Ultra Repair Oil control moisturizer - 1.7fl oz Jar,Oz,Xiqing_PG,95
1,TMALL,Moisturizer,82324284,Ultra Repair,FAB,815517026999,Ultra Repair Oil control moisturizer - 1.7fl oz Jar,Oz,Xiqing_PG,96
25,JD,Cleanser,80681363,Face,FAB,815517027163,FAB FACE CLEANSER 2OZ 56.7GX24 JAN21,G,Chengdu_PG,97
25,JD,Cleanser,80681363,Face,FAB,815517027163,FAB FACE CLEANSER 2OZ 56.7GX24 JAN21,G,Luogang_PG,98
25,TMALL,Cleanser,80681363,Face,FAB,815517027163,FAB FACE CLEANSER 2OZ 56.7GX24 JAN21,G,Luogang_PG,99
25,JD,Cleanser,80681363,Face,FAB,815517027163,FAB FACE CLEANSER 2OZ 56.7GX24 JAN21,G,Shenyang_PG,100
25,JD,Cleanser,80681363,Face,FAB,815517027163,FAB FACE CLEANSER 2OZ 56.7GX24 JAN21,G,Taicang_PG,101
25,TMALL,Cleanser,80681363,Face,FAB,815517027163,FAB FACE CLEANSER 2OZ 56.7GX24 JAN21,G,Taicang_PG,102
25,JD,Cleanser,80681363,Face,FAB,815517027163,FAB FACE CLEANSER 2OZ 56.7GX24 JAN21,G,Wuhan_PG,103
25,JD,Cleanser,80681363,Face,FAB,815517027163,FAB FACE CLEANSER 2OZ 56.7GX24 JAN21,G,Xian_PG,104
25,JD,Cleanser,80681363,Face,FAB,815517027163,FAB FACE CLEANSER 2OZ 56.7GX24 JAN21,G,Xiqing_PG,105
24,JD,Mask,80693877,Face,FAB,815517027170,FAB OATMEAL MASK 2OZ 56.7GX24 DEC21,G,Chengdu_PG,106
24,JD,Mask,80693877,Face,FAB,815517027170,FAB OATMEAL MASK 2OZ 56.7GX24 DEC21,G,Luogang_PG,107
24,TMALL,Mask,80693877,Face,FAB,815517027170,FAB OATMEAL MASK 2OZ 56.7GX24 DEC21,G,Luogang_PG,108
24,JD,Mask,80693877,Face,FAB,815517027170,FAB OATMEAL MASK 2OZ 56.7GX24 DEC21,G,Shenyang_PG,109
24,JD,Mask,80693877,Face,FAB,815517027170,FAB OATMEAL MASK 2OZ 56.7GX24 DEC21,G,Taicang_PG,110
24,TMALL,Mask,80693877,Face,FAB,815517027170,FAB OATMEAL MASK 2OZ 56.7GX24 DEC21,G,Taicang_PG,111
24,JD,Mask,80693877,Face,FAB,815517027170,FAB OATMEAL MASK 2OZ 56.7GX24 DEC21,G,Wuhan_PG,112
24,JD,Mask,80693877,Face,FAB,815517027170,FAB OATMEAL MASK 2OZ 56.7GX24 DEC21,G,Xiqing_PG,113
24,TMALL,Mask,80693877,Face,FAB,815517027170,FAB OATMEAL MASK 2OZ 56.7GX24 DEC21,G,Xiqing_PG,114
12,JD,Cream,80685834,Eye,FAB,815517027491,FAB RETINOL EYE CREAM 15ML X12 DEC21,ML,Chengdu_PG,115
12,JD,Cream,80685834,Eye,FAB,815517027491,FAB RETINOL EYE CREAM 15ML X12 DEC21,ML,Luogang_PG,116
12,TMALL,Cream,80685834,Eye,FAB,815517027491,FAB RETINOL EYE CREAM 15ML X12 DEC21,ML,Luogang_PG,117
12,JD,Cream,80685834,Eye,FAB,815517027491,FAB RETINOL EYE CREAM 15ML X12 DEC21,ML,Shenyang_PG,118
12,JD,Cream,80685834,Eye,FAB,815517027491,FAB RETINOL EYE CREAM 15ML X12 DEC21,ML,Taicang_PG,119
12,TMALL,Cream,80685834,Eye,FAB,815517027491,FAB RETINOL EYE CREAM 15ML X12 DEC21,ML,Taicang_PG,120
12,JD,Cream,80685834,Eye,FAB,815517027491,FAB RETINOL EYE CREAM 15ML X12 DEC21,ML,Wuhan_PG,121
12,JD,Cream,80685834,Eye,FAB,815517027491,FAB RETINOL EYE CREAM 15ML X12 DEC21,ML,Xian_PG,122
12,JD,Cream,80685834,Eye,FAB,815517027491,FAB RETINOL EYE CREAM 15ML X12 DEC21,ML,Xiqing_PG,123
12,TMALL,Cream,80685834,Eye,FAB,815517027491,FAB RETINOL EYE CREAM 15ML X12 DEC21,ML,Xiqing_PG,124
24,JD,Gel,80685602,Face,FAB,815517027606,FAB BHA TREATMENT GEL 22MLX24 SEP21,ML,Chengdu_PG,125
24,JD,Gel,80685602,Face,FAB,815517027606,FAB BHA TREATMENT GEL 22MLX24 SEP21,ML,Luogang_PG,126
24,TMALL,Gel,80685602,Face,FAB,815517027606,FAB BHA TREATMENT GEL 22MLX24 SEP21,ML,Luogang_PG,127
24,JD,Gel,80685602,Face,FAB,815517027606,FAB BHA TREATMENT GEL 22MLX24 SEP21,ML,Shenyang_PG,128
24,JD,Gel,80685602,Face,FAB,815517027606,FAB BHA TREATMENT GEL 22MLX24 SEP21,ML,Taicang_PG,129
24,TMALL,Gel,80685602,Face,FAB,815517027606,FAB BHA TREATMENT GEL 22MLX24 SEP21,ML,Taicang_PG,130
24,JD,Gel,80685602,Face,FAB,815517027606,FAB BHA TREATMENT GEL 22MLX24 SEP21,ML,Wuhan_PG,131
24,JD,Gel,80685602,Face,FAB,815517027606,FAB BHA TREATMENT GEL 22MLX24 SEP21,ML,Xian_PG,132
24,JD,Gel,80685602,Face,FAB,815517027606,FAB BHA TREATMENT GEL 22MLX24 SEP21,ML,Xiqing_PG,133
24,JD,Pads,80685599,Oil,FAB,815517027613,FAB OIL CONTROL PADS 28PCSX24 SEP21,Pcs,Chengdu_PG,134
24,DY,Pads,80685599,Oil,FAB,815517027613,FAB OIL CONTROL PADS 28PCSX24 SEP21,Pcs,Luogang_PG,135
24,JD,Pads,80685599,Oil,FAB,815517027613,FAB OIL CONTROL PADS 28PCSX24 SEP21,Pcs,Luogang_PG,136
24,TMALL,Pads,80685599,Oil,FAB,815517027613,FAB OIL CONTROL PADS 28PCSX24 SEP21,Pcs,Luogang_PG,137
24,JD,Pads,80685599,Oil,FAB,815517027613,FAB OIL CONTROL PADS 28PCSX24 SEP21,Pcs,Shenyang_PG,138
24,DY,Pads,80685599,Oil,FAB,815517027613,FAB OIL CONTROL PADS 28PCSX24 SEP21,Pcs,Taicang_PG,139
24,TMALL,Pads,80685599,Oil,FAB,815517027613,FAB OIL CONTROL PADS 28PCSX24 SEP21,Pcs,Taicang_PG,140
24,JD,Pads,80685599,Oil,FAB,815517027613,FAB OIL CONTROL PADS 28PCSX24 SEP21,Pcs,Wuhan_PG,141
24,JD,Pads,80685599,Oil,FAB,815517027613,FAB OIL CONTROL PADS 28PCSX24 SEP21,Pcs,Xian_PG,142
24,JD,Pads,80685599,Oil,FAB,815517027613,FAB OIL CONTROL PADS 28PCSX24 SEP21,Pcs,Xiqing_PG,143
24,TMALL,Pads,80685599,Oil,FAB,815517027613,FAB OIL CONTROL PADS 28PCSX24 SEP21,Pcs,Xiqing_PG,144
12,JD,Moisturizer,80703071,Oil,FAB,815517028122,FAB OIL CONTROL 4.6OZ 138MLX12 APR22,ML,Chengdu_PG,145
12,JD,Moisturizer,80703071,Oil,FAB,815517028122,FAB OIL CONTROL 4.6OZ 138MLX12 APR22,ML,Luogang_PG,146
12,TMALL,Moisturizer,80703071,Oil,FAB,815517028122,FAB OIL CONTROL 4.6OZ 138MLX12 APR22,ML,Luogang_PG,147
12,JD,Moisturizer,80703071,Oil,FAB,815517028122,FAB OIL CONTROL 4.6OZ 138MLX12 APR22,ML,Shenyang_PG,148
12,TMALL,Moisturizer,80703071,Oil,FAB,815517028122,FAB OIL CONTROL 4.6OZ 138MLX12 APR22,ML,Taicang_PG,149
12,JD,Moisturizer,80703071,Oil,FAB,815517028122,FAB OIL CONTROL 4.6OZ 138MLX12 APR22,ML,Wuhan_PG,150
12,TMALL,Moisturizer,80703071,Oil,FAB,815517028122,FAB OIL CONTROL 4.6OZ 138MLX12 APR22,ML,Xiqing_PG,151
24,ALL,Cleanser,80693598,Face,FAB,815517025992,FAB FACE CLEANSER 5.0OZ 142GX24 NOV21,G,Chengdu_PG,152
24,ALL,Cleanser,80693598,Face,FAB,815517025992,FAB FACE CLEANSER 5.0OZ 142GX24 NOV21,G,Luogang_PG,153
24,ALL,Cleanser,80693598,Face,FAB,815517025992,FAB FACE CLEANSER 5.0OZ 142GX24 NOV21,G,Luogang_TMALL,154
24,ALL,Cleanser,80693598,Face,FAB,815517025992,FAB FACE CLEANSER 5.0OZ 142GX24 NOV21,G,Shenyang_PG,155
24,ALL,Cleanser,80693598,Face,FAB,815517025992,FAB FACE CLEANSER 5.0OZ 142GX24 NOV21,G,TCDC_TMALL,156
24,ALL,Cleanser,80693598,Face,FAB,815517025992,FAB FACE CLEANSER 5.0OZ 142GX24 NOV21,G,Taicang_PG,157
24,ALL,Cleanser,80693598,Face,FAB,815517025992,FAB FACE CLEANSER 5.0OZ 142GX24 NOV21,G,Wuhan_PG,158
24,ALL,Cleanser,80693598,Face,FAB,815517025992,FAB FACE CLEANSER 5.0OZ 142GX24 NOV21,G,Xian_PG,159
24,ALL,Cleanser,80693598,Face,FAB,815517025992,FAB FACE CLEANSER 5.0OZ 142GX24 NOV21,G,Xiqing_PG,160
24,ALL,Cleanser,80693598,Face,FAB,815517025992,FAB FACE CLEANSER 5.0OZ 142GX24 NOV21,G,Xiqing_TMALL,161
24,DY,Cleanser,80693598,Face,FAB,815517025992,FAB FACE CLEANSER 5.0OZ 142GX24 NOV21,G,ALL,162
24,DY,Cleanser,80693598,Face,FAB,815517025992,FAB FACE CLEANSER 5.0OZ 142GX24 NOV21,G,Luogang_DY,163
24,DY,Cleanser,80693598,Face,FAB,815517025992,FAB FACE CLEANSER 5.0OZ 142GX24 NOV21,G,Luogang_PG,164
24,DY,Cleanser,80693598,Face,FAB,815517025992,FAB FACE CLEANSER 5.0OZ 142GX24 NOV21,G,Taicang_DY,165
24,DY,Cleanser,80693598,Face,FAB,815517025992,FAB FACE CLEANSER 5.0OZ 142GX24 NOV21,G,Taicang_PG,166
24,DY,Cleanser,80693598,Face,FAB,815517025992,FAB FACE CLEANSER 5.0OZ 142GX24 NOV21,G,Xiqing_DY,167
24,DY,Cleanser,80693598,Face,FAB,815517025992,FAB FACE CLEANSER 5.0OZ 142GX24 NOV21,G,Xiqing_PG,168
24,JD,Cleanser,80693598,Face,FAB,815517025992,FAB FACE CLEANSER 5.0OZ 142GX24 NOV21,G,ALL,169
24,JD,Cleanser,80693598,Face,FAB,815517025992,FAB FACE CLEANSER 5.0OZ 142GX24 NOV21,G,Chengdu_JD,170
24,JD,Cleanser,80693598,Face,FAB,815517025992,FAB FACE CLEANSER 5.0OZ 142GX24 NOV21,G,Luogang_JD,171
24,JD,Cleanser,80693598,Face,FAB,815517025992,FAB FACE CLEANSER 5.0OZ 142GX24 NOV21,G,Shenyang_JD,172
24,JD,Cleanser,80693598,Face,FAB,815517025992,FAB FACE CLEANSER 5.0OZ 142GX24 NOV21,G,Taicang_JD,173
24,JD,Cleanser,80693598,Face,FAB,815517025992,FAB FACE CLEANSER 5.0OZ 142GX24 NOV21,G,Wuhan_JD,174
24,JD,Cleanser,80693598,Face,FAB,815517025992,FAB FACE CLEANSER 5.0OZ 142GX24 NOV21,G,Xian_JD,175
24,JD,Cleanser,80693598,Face,FAB,815517025992,FAB FACE CLEANSER 5.0OZ 142GX24 NOV21,G,Xiqing_JD,176
24,TMALL,Cleanser,80693598,Face,FAB,815517025992,FAB FACE CLEANSER 5.0OZ 142GX24 NOV21,G,ALL,177
24,TMALL,Cleanser,80693598,Face,FAB,815517025992,FAB FACE CLEANSER 5.0OZ 142GX24 NOV21,G,Luogang_TMALL,178
24,TMALL,Cleanser,80693598,Face,FAB,815517025992,FAB FACE CLEANSER 5.0OZ 142GX24 NOV21,G,TCDC_TMALL,179
24,TMALL,Cleanser,80693598,Face,FAB,815517025992,FAB FACE CLEANSER 5.0OZ 142GX24 NOV21,G,Xiqing_TMALL,180
12,ALL,Cream,82314748,Ultra Repair,FAB,815517026005,FAB ULTRA REPAIR CRM 6.0OZ 170GX12 JUL20,G,Chengdu_PG,181
12,ALL,Cream,82314748,Ultra Repair,FAB,815517026005,FAB ULTRA REPAIR CRM 6.0OZ 170GX12 JUL20,G,Luogang_PG,182
12,ALL,Cream,82314748,Ultra Repair,FAB,815517026005,FAB ULTRA REPAIR CRM 6.0OZ 170GX12 JUL20,G,Luogang_TMALL,183
12,ALL,Cream,82314748,Ultra Repair,FAB,815517026005,FAB ULTRA REPAIR CRM 6.0OZ 170GX12 JUL20,G,Shenyang_PG,184
12,ALL,Cream,82314748,Ultra Repair,FAB,815517026005,FAB ULTRA REPAIR CRM 6.0OZ 170GX12 JUL20,G,TCDC_TMALL,185
12,ALL,Cream,82314748,Ultra Repair,FAB,815517026005,FAB ULTRA REPAIR CRM 6.0OZ 170GX12 JUL20,G,Taicang_PG,186
12,ALL,Cream,82314748,Ultra Repair,FAB,815517026005,FAB ULTRA REPAIR CRM 6.0OZ 170GX12 JUL20,G,Wuhan_PG,187
12,ALL,Cream,82314748,Ultra Repair,FAB,815517026005,FAB ULTRA REPAIR CRM 6.0OZ 170GX12 JUL20,G,Xian_PG,188
12,ALL,Cream,82314748,Ultra Repair,FAB,815517026005,FAB ULTRA REPAIR CRM 6.0OZ 170GX12 JUL20,G,Xiqing_PG,189
12,ALL,Cream,82314748,Ultra Repair,FAB,815517026005,FAB ULTRA REPAIR CRM 6.0OZ 170GX12 JUL20,G,Xiqing_TMALL,190
12,DY,Cream,82314748,Ultra Repair,FAB,815517026005,FAB ULTRA REPAIR CRM 6.0OZ 170GX12 JUL20,G,ALL,191
12,DY,Cream,82314748,Ultra Repair,FAB,815517026005,FAB ULTRA REPAIR CRM 6.0OZ 170GX12 JUL20,G,Luogang_DY,192
12,DY,Cream,82314748,Ultra Repair,FAB,815517026005,FAB ULTRA REPAIR CRM 6.0OZ 170GX12 JUL20,G,Luogang_PG,193
12,DY,Cream,82314748,Ultra Repair,FAB,815517026005,FAB ULTRA REPAIR CRM 6.0OZ 170GX12 JUL20,G,Taicang_DY,194
12,DY,Cream,82314748,Ultra Repair,FAB,815517026005,FAB ULTRA REPAIR CRM 6.0OZ 170GX12 JUL20,G,Taicang_PG,195
12,DY,Cream,82314748,Ultra Repair,FAB,815517026005,FAB ULTRA REPAIR CRM 6.0OZ 170GX12 JUL20,G,Xiqing_DY,196
12,DY,Cream,82314748,Ultra Repair,FAB,815517026005,FAB ULTRA REPAIR CRM 6.0OZ 170GX12 JUL20,G,Xiqing_PG,197
12,JD,Cream,82314748,Ultra Repair,FAB,815517026005,FAB ULTRA REPAIR CRM 6.0OZ 170GX12 JUL20,G,ALL,198
12,JD,Cream,82314748,Ultra Repair,FAB,815517026005,FAB ULTRA REPAIR CRM 6.0OZ 170GX12 JUL20,G,Chengdu_JD,199
12,JD,Cream,82314748,Ultra Repair,FAB,815517026005,FAB ULTRA REPAIR CRM 6.0OZ 170GX12 JUL20,G,Luogang_JD,200
12,JD,Cream,82314748,Ultra Repair,FAB,815517026005,FAB ULTRA REPAIR CRM 6.0OZ 170GX12 JUL20,G,Shenyang_JD,201
12,JD,Cream,82314748,Ultra Repair,FAB,815517026005,FAB ULTRA REPAIR CRM 6.0OZ 170GX12 JUL20,G,Taicang_JD,202
12,JD,Cream,82314748,Ultra Repair,FAB,815517026005,FAB ULTRA REPAIR CRM 6.0OZ 170GX12 JUL20,G,Wuhan_JD,203
12,JD,Cream,82314748,Ultra Repair,FAB,815517026005,FAB ULTRA REPAIR CRM 6.0OZ 170GX12 JUL20,G,Xian_JD,204
12,JD,Cream,82314748,Ultra Repair,FAB,815517026005,FAB ULTRA REPAIR CRM 6.0OZ 170GX12 JUL20,G,Xiqing_JD,205
12,TMALL,Cream,82314748,Ultra Repair,FAB,815517026005,FAB ULTRA REPAIR CRM 6.0OZ 170GX12 JUL20,G,ALL,206
12,TMALL,Cream,82314748,Ultra Repair,FAB,815517026005,FAB ULTRA REPAIR CRM 6.0OZ 170GX12 JUL20,G,Luogang_TMALL,207
12,TMALL,Cream,82314748,Ultra Repair,FAB,815517026005,FAB ULTRA REPAIR CRM 6.0OZ 170GX12 JUL20,G,TCDC_TMALL,208
12,TMALL,Cream,82314748,Ultra Repair,FAB,815517026005,FAB ULTRA REPAIR CRM 6.0OZ 170GX12 JUL20,G,Xiqing_TMALL,209
24,ALL,Cream,82314747,Ultra Repair,FAB,815517026012,FAB UT RPAR CRM 2.0OZ 56.7GX24 TUB JUL20,G,Chengdu_PG,210
24,ALL,Cream,82314747,Ultra Repair,FAB,815517026012,FAB UT RPAR CRM 2.0OZ 56.7GX24 TUB JUL20,G,Luogang_PG,211
24,ALL,Cream,82314747,Ultra Repair,FAB,815517026012,FAB UT RPAR CRM 2.0OZ 56.7GX24 TUB JUL20,G,Luogang_TMALL,212
24,ALL,Cream,82314747,Ultra Repair,FAB,815517026012,FAB UT RPAR CRM 2.0OZ 56.7GX24 TUB JUL20,G,Shenyang_PG,213
24,ALL,Cream,82314747,Ultra Repair,FAB,815517026012,FAB UT RPAR CRM 2.0OZ 56.7GX24 TUB JUL20,G,TCDC_TMALL,214
24,ALL,Cream,82314747,Ultra Repair,FAB,815517026012,FAB UT RPAR CRM 2.0OZ 56.7GX24 TUB JUL20,G,Taicang_PG,215
24,ALL,Cream,82314747,Ultra Repair,FAB,815517026012,FAB UT RPAR CRM 2.0OZ 56.7GX24 TUB JUL20,G,Wuhan_PG,216
24,ALL,Cream,82314747,Ultra Repair,FAB,815517026012,FAB UT RPAR CRM 2.0OZ 56.7GX24 TUB JUL20,G,Xian_PG,217
24,ALL,Cream,82314747,Ultra Repair,FAB,815517026012,FAB UT RPAR CRM 2.0OZ 56.7GX24 TUB JUL20,G,Xiqing_PG,218
24,ALL,Cream,82314747,Ultra Repair,FAB,815517026012,FAB UT RPAR CRM 2.0OZ 56.7GX24 TUB JUL20,G,Xiqing_TMALL,219
24,DY,Cream,82314747,Ultra Repair,FAB,815517026012,FAB UT RPAR CRM 2.0OZ 56.7GX24 TUB JUL20,G,ALL,220
24,DY,Cream,82314747,Ultra Repair,FAB,815517026012,FAB UT RPAR CRM 2.0OZ 56.7GX24 TUB JUL20,G,Luogang_DY,221
24,DY,Cream,82314747,Ultra Repair,FAB,815517026012,FAB UT RPAR CRM 2.0OZ 56.7GX24 TUB JUL20,G,Luogang_PG,222
24,DY,Cream,82314747,Ultra Repair,FAB,815517026012,FAB UT RPAR CRM 2.0OZ 56.7GX24 TUB JUL20,G,Taicang_DY,223
24,DY,Cream,82314747,Ultra Repair,FAB,815517026012,FAB UT RPAR CRM 2.0OZ 56.7GX24 TUB JUL20,G,Taicang_PG,224
24,DY,Cream,82314747,Ultra Repair,FAB,815517026012,FAB UT RPAR CRM 2.0OZ 56.7GX24 TUB JUL20,G,Xiqing_DY,225
24,DY,Cream,82314747,Ultra Repair,FAB,815517026012,FAB UT RPAR CRM 2.0OZ 56.7GX24 TUB JUL20,G,Xiqing_PG,226
24,JD,Cream,82314747,Ultra Repair,FAB,815517026012,FAB UT RPAR CRM 2.0OZ 56.7GX24 TUB JUL20,G,ALL,227
24,JD,Cream,82314747,Ultra Repair,FAB,815517026012,FAB UT RPAR CRM 2.0OZ 56.7GX24 TUB JUL20,G,Chengdu_JD,228
24,JD,Cream,82314747,Ultra Repair,FAB,815517026012,FAB UT RPAR CRM 2.0OZ 56.7GX24 TUB JUL20,G,Chengdu_PG,229
24,JD,Cream,82314747,Ultra Repair,FAB,815517026012,FAB UT RPAR CRM 2.0OZ 56.7GX24 TUB JUL20,G,Luogang_JD,230
24,JD,Cream,82314747,Ultra Repair,FAB,815517026012,FAB UT RPAR CRM 2.0OZ 56.7GX24 TUB JUL20,G,Luogang_PG,231
24,JD,Cream,82314747,Ultra Repair,FAB,815517026012,FAB UT RPAR CRM 2.0OZ 56.7GX24 TUB JUL20,G,Shenyang_JD,232
24,JD,Cream,82314747,Ultra Repair,FAB,815517026012,FAB UT RPAR CRM 2.0OZ 56.7GX24 TUB JUL20,G,Shenyang_PG,233
24,JD,Cream,82314747,Ultra Repair,FAB,815517026012,FAB UT RPAR CRM 2.0OZ 56.7GX24 TUB JUL20,G,Taicang_JD,234
24,JD,Cream,82314747,Ultra Repair,FAB,815517026012,FAB UT RPAR CRM 2.0OZ 56.7GX24 TUB JUL20,G,Taicang_PG,235
24,JD,Cream,82314747,Ultra Repair,FAB,815517026012,FAB UT RPAR CRM 2.0OZ 56.7GX24 TUB JUL20,G,Wuhan_JD,236
24,JD,Cream,82314747,Ultra Repair,FAB,815517026012,FAB UT RPAR CRM 2.0OZ 56.7GX24 TUB JUL20,G,Wuhan_PG,237
24,JD,Cream,82314747,Ultra Repair,FAB,815517026012,FAB UT RPAR CRM 2.0OZ 56.7GX24 TUB JUL20,G,Xian_JD,238
24,JD,Cream,82314747,Ultra Repair,FAB,815517026012,FAB UT RPAR CRM 2.0OZ 56.7GX24 TUB JUL20,G,Xian_PG,239
24,JD,Cream,82314747,Ultra Repair,FAB,815517026012,FAB UT RPAR CRM 2.0OZ 56.7GX24 TUB JUL20,G,Xiqing_JD,240
24,JD,Cream,82314747,Ultra Repair,FAB,815517026012,FAB UT RPAR CRM 2.0OZ 56.7GX24 TUB JUL20,G,Xiqing_PG,241
24,TMALL,Cream,82314747,Ultra Repair,FAB,815517026012,FAB UT RPAR CRM 2.0OZ 56.7GX24 TUB JUL20,G,ALL,242
24,TMALL,Cream,82314747,Ultra Repair,FAB,815517026012,FAB UT RPAR CRM 2.0OZ 56.7GX24 TUB JUL20,G,Luogang_PG,243
24,TMALL,Cream,82314747,Ultra Repair,FAB,815517026012,FAB UT RPAR CRM 2.0OZ 56.7GX24 TUB JUL20,G,Luogang_TMALL,244
24,TMALL,Cream,82314747,Ultra Repair,FAB,815517026012,FAB UT RPAR CRM 2.0OZ 56.7GX24 TUB JUL20,G,TCDC_TMALL,245
24,TMALL,Cream,82314747,Ultra Repair,FAB,815517026012,FAB UT RPAR CRM 2.0OZ 56.7GX24 TUB JUL20,G,Xiqing_PG,246
24,TMALL,Cream,82314747,Ultra Repair,FAB,815517026012,FAB UT RPAR CRM 2.0OZ 56.7GX24 TUB JUL20,G,Xiqing_TMALL,247
25,ALL,Cream,82314725,Face,FAB,815517026029,FAB CRM GRAPEFRUIT 2.0OZ 56.7GX24 SEP20,G,Chengdu_PG,248
25,ALL,Cream,82314725,Face,FAB,815517026029,FAB CRM GRAPEFRUIT 2.0OZ 56.7GX24 SEP20,G,Luogang_PG,249
25,ALL,Cream,82314725,Face,FAB,815517026029,FAB CRM GRAPEFRUIT 2.0OZ 56.7GX24 SEP20,G,Luogang_TMALL,250
25,ALL,Cream,82314725,Face,FAB,815517026029,FAB CRM GRAPEFRUIT 2.0OZ 56.7GX24 SEP20,G,Shenyang_PG,251
25,ALL,Cream,82314725,Face,FAB,815517026029,FAB CRM GRAPEFRUIT 2.0OZ 56.7GX24 SEP20,G,TCDC_TMALL,252
25,ALL,Cream,82314725,Face,FAB,815517026029,FAB CRM GRAPEFRUIT 2.0OZ 56.7GX24 SEP20,G,Taicang_PG,253
25,ALL,Cream,82314725,Face,FAB,815517026029,FAB CRM GRAPEFRUIT 2.0OZ 56.7GX24 SEP20,G,Wuhan_PG,254
25,ALL,Cream,82314725,Face,FAB,815517026029,FAB CRM GRAPEFRUIT 2.0OZ 56.7GX24 SEP20,G,Xian_PG,255
25,ALL,Cream,82314725,Face,FAB,815517026029,FAB CRM GRAPEFRUIT 2.0OZ 56.7GX24 SEP20,G,Xiqing_PG,256
25,ALL,Cream,82314725,Face,FAB,815517026029,FAB CRM GRAPEFRUIT 2.0OZ 56.7GX24 SEP20,G,Xiqing_TMALL,257
25,DY,Cream,82314725,Face,FAB,815517026029,FAB CRM GRAPEFRUIT 2.0OZ 56.7GX24 SEP20,G,ALL,258
25,DY,Cream,82314725,Face,FAB,815517026029,FAB CRM GRAPEFRUIT 2.0OZ 56.7GX24 SEP20,G,Luogang_DY,259
25,DY,Cream,82314725,Face,FAB,815517026029,FAB CRM GRAPEFRUIT 2.0OZ 56.7GX24 SEP20,G,Luogang_PG,260
25,DY,Cream,82314725,Face,FAB,815517026029,FAB CRM GRAPEFRUIT 2.0OZ 56.7GX24 SEP20,G,Taicang_DY,261
25,DY,Cream,82314725,Face,FAB,815517026029,FAB CRM GRAPEFRUIT 2.0OZ 56.7GX24 SEP20,G,Taicang_PG,262
25,DY,Cream,82314725,Face,FAB,815517026029,FAB CRM GRAPEFRUIT 2.0OZ 56.7GX24 SEP20,G,Xiqing_DY,263
25,DY,Cream,82314725,Face,FAB,815517026029,FAB CRM GRAPEFRUIT 2.0OZ 56.7GX24 SEP20,G,Xiqing_PG,264
25,JD,Cream,82314725,Face,FAB,815517026029,FAB CRM GRAPEFRUIT 2.0OZ 56.7GX24 SEP20,G,ALL,265
25,JD,Cream,82314725,Face,FAB,815517026029,FAB CRM GRAPEFRUIT 2.0OZ 56.7GX24 SEP20,G,Chengdu_JD,266
25,JD,Cream,82314725,Face,FAB,815517026029,FAB CRM GRAPEFRUIT 2.0OZ 56.7GX24 SEP20,G,Luogang_JD,267
25,JD,Cream,82314725,Face,FAB,815517026029,FAB CRM GRAPEFRUIT 2.0OZ 56.7GX24 SEP20,G,Shenyang_JD,268
25,JD,Cream,82314725,Face,FAB,815517026029,FAB CRM GRAPEFRUIT 2.0OZ 56.7GX24 SEP20,G,Taicang_JD,269
25,JD,Cream,82314725,Face,FAB,815517026029,FAB CRM GRAPEFRUIT 2.0OZ 56.7GX24 SEP20,G,Wuhan_JD,270
25,JD,Cream,82314725,Face,FAB,815517026029,FAB CRM GRAPEFRUIT 2.0OZ 56.7GX24 SEP20,G,Xian_JD,271
25,JD,Cream,82314725,Face,FAB,815517026029,FAB CRM GRAPEFRUIT 2.0OZ 56.7GX24 SEP20,G,Xiqing_JD,272
25,TMALL,Cream,82314725,Face,FAB,815517026029,FAB CRM GRAPEFRUIT 2.0OZ 56.7GX24 SEP20,G,ALL,273
25,TMALL,Cream,82314725,Face,FAB,815517026029,FAB CRM GRAPEFRUIT 2.0OZ 56.7GX24 SEP20,G,Luogang_TMALL,274
25,TMALL,Cream,82314725,Face,FAB,815517026029,FAB CRM GRAPEFRUIT 2.0OZ 56.7GX24 SEP20,G,TCDC_TMALL,275
25,TMALL,Cream,82314725,Face,FAB,815517026029,FAB CRM GRAPEFRUIT 2.0OZ 56.7GX24 SEP20,G,Xiqing_TMALL,276
24,ALL,Cream,82314745,Ultra Repair,FAB,815517026036,FAB UT RPAR CRM 2.0OZ 56.7GX24 JAR JUL20,G,Chengdu_PG,277
24,ALL,Cream,82314745,Ultra Repair,FAB,815517026036,FAB UT RPAR CRM 2.0OZ 56.7GX24 JAR JUL20,G,Luogang_PG,278
24,ALL,Cream,82314745,Ultra Repair,FAB,815517026036,FAB UT RPAR CRM 2.0OZ 56.7GX24 JAR JUL20,G,Luogang_TMALL,279
24,ALL,Cream,82314745,Ultra Repair,FAB,815517026036,FAB UT RPAR CRM 2.0OZ 56.7GX24 JAR JUL20,G,Shenyang_PG,280
24,ALL,Cream,82314745,Ultra Repair,FAB,815517026036,FAB UT RPAR CRM 2.0OZ 56.7GX24 JAR JUL20,G,TCDC_TMALL,281
24,ALL,Cream,82314745,Ultra Repair,FAB,815517026036,FAB UT RPAR CRM 2.0OZ 56.7GX24 JAR JUL20,G,Taicang_PG,282
24,ALL,Cream,82314745,Ultra Repair,FAB,815517026036,FAB UT RPAR CRM 2.0OZ 56.7GX24 JAR JUL20,G,Wuhan_PG,283
24,ALL,Cream,82314745,Ultra Repair,FAB,815517026036,FAB UT RPAR CRM 2.0OZ 56.7GX24 JAR JUL20,G,Xian_PG,284
24,ALL,Cream,82314745,Ultra Repair,FAB,815517026036,FAB UT RPAR CRM 2.0OZ 56.7GX24 JAR JUL20,G,Xiqing_PG,285
24,ALL,Cream,82314745,Ultra Repair,FAB,815517026036,FAB UT RPAR CRM 2.0OZ 56.7GX24 JAR JUL20,G,Xiqing_TMALL,286
24,DY,Cream,82314745,Ultra Repair,FAB,815517026036,FAB UT RPAR CRM 2.0OZ 56.7GX24 JAR JUL20,G,ALL,287
24,DY,Cream,82314745,Ultra Repair,FAB,815517026036,FAB UT RPAR CRM 2.0OZ 56.7GX24 JAR JUL20,G,Luogang_DY,288
24,DY,Cream,82314745,Ultra Repair,FAB,815517026036,FAB UT RPAR CRM 2.0OZ 56.7GX24 JAR JUL20,G,Luogang_PG,289
24,DY,Cream,82314745,Ultra Repair,FAB,815517026036,FAB UT RPAR CRM 2.0OZ 56.7GX24 JAR JUL20,G,Taicang_DY,290
24,DY,Cream,82314745,Ultra Repair,FAB,815517026036,FAB UT RPAR CRM 2.0OZ 56.7GX24 JAR JUL20,G,Taicang_PG,291
24,DY,Cream,82314745,Ultra Repair,FAB,815517026036,FAB UT RPAR CRM 2.0OZ 56.7GX24 JAR JUL20,G,Xiqing_DY,292
24,DY,Cream,82314745,Ultra Repair,FAB,815517026036,FAB UT RPAR CRM 2.0OZ 56.7GX24 JAR JUL20,G,Xiqing_PG,293
24,JD,Cream,82314745,Ultra Repair,FAB,815517026036,FAB UT RPAR CRM 2.0OZ 56.7GX24 JAR JUL20,G,ALL,294
24,JD,Cream,82314745,Ultra Repair,FAB,815517026036,FAB UT RPAR CRM 2.0OZ 56.7GX24 JAR JUL20,G,Chengdu_JD,295
24,JD,Cream,82314745,Ultra Repair,FAB,815517026036,FAB UT RPAR CRM 2.0OZ 56.7GX24 JAR JUL20,G,Luogang_JD,296
24,JD,Cream,82314745,Ultra Repair,FAB,815517026036,FAB UT RPAR CRM 2.0OZ 56.7GX24 JAR JUL20,G,Shenyang_JD,297
24,JD,Cream,82314745,Ultra Repair,FAB,815517026036,FAB UT RPAR CRM 2.0OZ 56.7GX24 JAR JUL20,G,Taicang_JD,298
24,JD,Cream,82314745,Ultra Repair,FAB,815517026036,FAB UT RPAR CRM 2.0OZ 56.7GX24 JAR JUL20,G,Wuhan_JD,299
24,JD,Cream,82314745,Ultra Repair,FAB,815517026036,FAB UT RPAR CRM 2.0OZ 56.7GX24 JAR JUL20,G,Xian_JD,300
24,JD,Cream,82314745,Ultra Repair,FAB,815517026036,FAB UT RPAR CRM 2.0OZ 56.7GX24 JAR JUL20,G,Xiqing_JD,301
24,TMALL,Cream,82314745,Ultra Repair,FAB,815517026036,FAB UT RPAR CRM 2.0OZ 56.7GX24 JAR JUL20,G,ALL,302
24,TMALL,Cream,82314745,Ultra Repair,FAB,815517026036,FAB UT RPAR CRM 2.0OZ 56.7GX24 JAR JUL20,G,Luogang_TMALL,303
24,TMALL,Cream,82314745,Ultra Repair,FAB,815517026036,FAB UT RPAR CRM 2.0OZ 56.7GX24 JAR JUL20,G,TCDC_TMALL,304
24,TMALL,Cream,82314745,Ultra Repair,FAB,815517026036,FAB UT RPAR CRM 2.0OZ 56.7GX24 JAR JUL20,G,Xiqing_TMALL,305
24,ALL,Moisturizer,82314723,Ultra Repair,FAB,815517026043,FAB UTRP MOISTURIZER 1.7OZ 50MLX24 SEP20,ML,Chengdu_PG,306
24,ALL,Moisturizer,82314723,Ultra Repair,FAB,815517026043,FAB UTRP MOISTURIZER 1.7OZ 50MLX24 SEP20,ML,Luogang_PG,307
24,ALL,Moisturizer,82314723,Ultra Repair,FAB,815517026043,FAB UTRP MOISTURIZER 1.7OZ 50MLX24 SEP20,ML,Luogang_TMALL,308
24,ALL,Moisturizer,82314723,Ultra Repair,FAB,815517026043,FAB UTRP MOISTURIZER 1.7OZ 50MLX24 SEP20,ML,Shenyang_PG,309
24,ALL,Moisturizer,82314723,Ultra Repair,FAB,815517026043,FAB UTRP MOISTURIZER 1.7OZ 50MLX24 SEP20,ML,TCDC_TMALL,310
24,ALL,Moisturizer,82314723,Ultra Repair,FAB,815517026043,FAB UTRP MOISTURIZER 1.7OZ 50MLX24 SEP20,ML,Taicang_PG,311
24,ALL,Moisturizer,82314723,Ultra Repair,FAB,815517026043,FAB UTRP MOISTURIZER 1.7OZ 50MLX24 SEP20,ML,Wuhan_PG,312
24,ALL,Moisturizer,82314723,Ultra Repair,FAB,815517026043,FAB UTRP MOISTURIZER 1.7OZ 50MLX24 SEP20,ML,Xian_PG,313
24,ALL,Moisturizer,82314723,Ultra Repair,FAB,815517026043,FAB UTRP MOISTURIZER 1.7OZ 50MLX24 SEP20,ML,Xiqing_PG,314
24,ALL,Moisturizer,82314723,Ultra Repair,FAB,815517026043,FAB UTRP MOISTURIZER 1.7OZ 50MLX24 SEP20,ML,Xiqing_TMALL,315
24,DY,Moisturizer,82314723,Ultra Repair,FAB,815517026043,FAB UTRP MOISTURIZER 1.7OZ 50MLX24 SEP20,ML,ALL,316
24,DY,Moisturizer,82314723,Ultra Repair,FAB,815517026043,FAB UTRP MOISTURIZER 1.7OZ 50MLX24 SEP20,ML,Luogang_DY,317
24,DY,Moisturizer,82314723,Ultra Repair,FAB,815517026043,FAB UTRP MOISTURIZER 1.7OZ 50MLX24 SEP20,ML,Luogang_PG,318
24,DY,Moisturizer,82314723,Ultra Repair,FAB,815517026043,FAB UTRP MOISTURIZER 1.7OZ 50MLX24 SEP20,ML,Taicang_DY,319
24,DY,Moisturizer,82314723,Ultra Repair,FAB,815517026043,FAB UTRP MOISTURIZER 1.7OZ 50MLX24 SEP20,ML,Taicang_PG,320
24,DY,Moisturizer,82314723,Ultra Repair,FAB,815517026043,FAB UTRP MOISTURIZER 1.7OZ 50MLX24 SEP20,ML,Xiqing_DY,321
24,DY,Moisturizer,82314723,Ultra Repair,FAB,815517026043,FAB UTRP MOISTURIZER 1.7OZ 50MLX24 SEP20,ML,Xiqing_PG,322
24,JD,Moisturizer,82314723,Ultra Repair,FAB,815517026043,FAB UTRP MOISTURIZER 1.7OZ 50MLX24 SEP20,ML,ALL,323
24,JD,Moisturizer,82314723,Ultra Repair,FAB,815517026043,FAB UTRP MOISTURIZER 1.7OZ 50MLX24 SEP20,ML,Chengdu_JD,324
24,JD,Moisturizer,82314723,Ultra Repair,FAB,815517026043,FAB UTRP MOISTURIZER 1.7OZ 50MLX24 SEP20,ML,Luogang_JD,325
24,JD,Moisturizer,82314723,Ultra Repair,FAB,815517026043,FAB UTRP MOISTURIZER 1.7OZ 50MLX24 SEP20,ML,Shenyang_JD,326
24,JD,Moisturizer,82314723,Ultra Repair,FAB,815517026043,FAB UTRP MOISTURIZER 1.7OZ 50MLX24 SEP20,ML,Taicang_JD,327
24,JD,Moisturizer,82314723,Ultra Repair,FAB,815517026043,FAB UTRP MOISTURIZER 1.7OZ 50MLX24 SEP20,ML,Wuhan_JD,328
24,JD,Moisturizer,82314723,Ultra Repair,FAB,815517026043,FAB UTRP MOISTURIZER 1.7OZ 50MLX24 SEP20,ML,Xian_JD,329
24,JD,Moisturizer,82314723,Ultra Repair,FAB,815517026043,FAB UTRP MOISTURIZER 1.7OZ 50MLX24 SEP20,ML,Xiqing_JD,330
24,TMALL,Moisturizer,82314723,Ultra Repair,FAB,815517026043,FAB UTRP MOISTURIZER 1.7OZ 50MLX24 SEP20,ML,ALL,331
24,TMALL,Moisturizer,82314723,Ultra Repair,FAB,815517026043,FAB UTRP MOISTURIZER 1.7OZ 50MLX24 SEP20,ML,Luogang_TMALL,332
24,TMALL,Moisturizer,82314723,Ultra Repair,FAB,815517026043,FAB UTRP MOISTURIZER 1.7OZ 50MLX24 SEP20,ML,TCDC_TMALL,333
24,TMALL,Moisturizer,82314723,Ultra Repair,FAB,815517026043,FAB UTRP MOISTURIZER 1.7OZ 50MLX24 SEP20,ML,Xiqing_TMALL,334
24,ALL,Serum,82314724,Ultra Repair,FAB,815517026050,FAB UT RP HYDR SERUM 1.7OZ 50MLX24 SEP20,ML,Chengdu_PG,335
24,ALL,Serum,82314724,Ultra Repair,FAB,815517026050,FAB UT RP HYDR SERUM 1.7OZ 50MLX24 SEP20,ML,Luogang_PG,336
24,ALL,Serum,82314724,Ultra Repair,FAB,815517026050,FAB UT RP HYDR SERUM 1.7OZ 50MLX24 SEP20,ML,Luogang_TMALL,337
24,ALL,Serum,82314724,Ultra Repair,FAB,815517026050,FAB UT RP HYDR SERUM 1.7OZ 50MLX24 SEP20,ML,Shenyang_PG,338
24,ALL,Serum,82314724,Ultra Repair,FAB,815517026050,FAB UT RP HYDR SERUM 1.7OZ 50MLX24 SEP20,ML,TCDC_TMALL,339
24,ALL,Serum,82314724,Ultra Repair,FAB,815517026050,FAB UT RP HYDR SERUM 1.7OZ 50MLX24 SEP20,ML,Taicang_PG,340
24,ALL,Serum,82314724,Ultra Repair,FAB,815517026050,FAB UT RP HYDR SERUM 1.7OZ 50MLX24 SEP20,ML,Wuhan_PG,341
24,ALL,Serum,82314724,Ultra Repair,FAB,815517026050,FAB UT RP HYDR SERUM 1.7OZ 50MLX24 SEP20,ML,Xian_PG,342
24,ALL,Serum,82314724,Ultra Repair,FAB,815517026050,FAB UT RP HYDR SERUM 1.7OZ 50MLX24 SEP20,ML,Xiqing_PG,343
24,ALL,Serum,82314724,Ultra Repair,FAB,815517026050,FAB UT RP HYDR SERUM 1.7OZ 50MLX24 SEP20,ML,Xiqing_TMALL,344
24,DY,Serum,82314724,Ultra Repair,FAB,815517026050,FAB UT RP HYDR SERUM 1.7OZ 50MLX24 SEP20,ML,ALL,345
24,DY,Serum,82314724,Ultra Repair,FAB,815517026050,FAB UT RP HYDR SERUM 1.7OZ 50MLX24 SEP20,ML,Luogang_DY,346
24,DY,Serum,82314724,Ultra Repair,FAB,815517026050,FAB UT RP HYDR SERUM 1.7OZ 50MLX24 SEP20,ML,Luogang_PG,347
24,DY,Serum,82314724,Ultra Repair,FAB,815517026050,FAB UT RP HYDR SERUM 1.7OZ 50MLX24 SEP20,ML,Taicang_DY,348
24,DY,Serum,82314724,Ultra Repair,FAB,815517026050,FAB UT RP HYDR SERUM 1.7OZ 50MLX24 SEP20,ML,Taicang_PG,349
24,DY,Serum,82314724,Ultra Repair,FAB,815517026050,FAB UT RP HYDR SERUM 1.7OZ 50MLX24 SEP20,ML,Xiqing_DY,350
24,DY,Serum,82314724,Ultra Repair,FAB,815517026050,FAB UT RP HYDR SERUM 1.7OZ 50MLX24 SEP20,ML,Xiqing_PG,351
24,JD,Serum,82314724,Ultra Repair,FAB,815517026050,FAB UT RP HYDR SERUM 1.7OZ 50MLX24 SEP20,ML,ALL,352
24,JD,Serum,82314724,Ultra Repair,FAB,815517026050,FAB UT RP HYDR SERUM 1.7OZ 50MLX24 SEP20,ML,Chengdu_JD,353
24,JD,Serum,82314724,Ultra Repair,FAB,815517026050,FAB UT RP HYDR SERUM 1.7OZ 50MLX24 SEP20,ML,Chengdu_PG,354
24,JD,Serum,82314724,Ultra Repair,FAB,815517026050,FAB UT RP HYDR SERUM 1.7OZ 50MLX24 SEP20,ML,Luogang_JD,355
24,JD,Serum,82314724,Ultra Repair,FAB,815517026050,FAB UT RP HYDR SERUM 1.7OZ 50MLX24 SEP20,ML,Shenyang_JD,356
24,JD,Serum,82314724,Ultra Repair,FAB,815517026050,FAB UT RP HYDR SERUM 1.7OZ 50MLX24 SEP20,ML,Taicang_JD,357
24,JD,Serum,82314724,Ultra Repair,FAB,815517026050,FAB UT RP HYDR SERUM 1.7OZ 50MLX24 SEP20,ML,Wuhan_JD,358
24,JD,Serum,82314724,Ultra Repair,FAB,815517026050,FAB UT RP HYDR SERUM 1.7OZ 50MLX24 SEP20,ML,Xian_JD,359
24,JD,Serum,82314724,Ultra Repair,FAB,815517026050,FAB UT RP HYDR SERUM 1.7OZ 50MLX24 SEP20,ML,Xiqing_JD,360
24,TMALL,Serum,82314724,Ultra Repair,FAB,815517026050,FAB UT RP HYDR SERUM 1.7OZ 50MLX24 SEP20,ML,ALL,361
24,TMALL,Serum,82314724,Ultra Repair,FAB,815517026050,FAB UT RP HYDR SERUM 1.7OZ 50MLX24 SEP20,ML,Luogang_TMALL,362
24,TMALL,Serum,82314724,Ultra Repair,FAB,815517026050,FAB UT RP HYDR SERUM 1.7OZ 50MLX24 SEP20,ML,TCDC_TMALL,363
24,TMALL,Serum,82314724,Ultra Repair,FAB,815517026050,FAB UT RP HYDR SERUM 1.7OZ 50MLX24 SEP20,ML,Xiqing_PG,364
24,TMALL,Serum,82314724,Ultra Repair,FAB,815517026050,FAB UT RP HYDR SERUM 1.7OZ 50MLX24 SEP20,ML,Xiqing_TMALL,365
12,ALL,Mask,82314750,Ultra Repair,FAB,815517026067,FAB UTRP OAT TNR 6.0OZ177MLX12 JUL20,ML,Chengdu_PG,366
12,ALL,Mask,82314750,Ultra Repair,FAB,815517026067,FAB UTRP OAT TNR 6.0OZ177MLX12 JUL20,ML,Luogang_PG,367
12,ALL,Mask,82314750,Ultra Repair,FAB,815517026067,FAB UTRP OAT TNR 6.0OZ177MLX12 JUL20,ML,Luogang_TMALL,368
12,ALL,Mask,82314750,Ultra Repair,FAB,815517026067,FAB UTRP OAT TNR 6.0OZ177MLX12 JUL20,ML,Shenyang_PG,369
12,ALL,Mask,82314750,Ultra Repair,FAB,815517026067,FAB UTRP OAT TNR 6.0OZ177MLX12 JUL20,ML,TCDC_TMALL,370
12,ALL,Mask,82314750,Ultra Repair,FAB,815517026067,FAB UTRP OAT TNR 6.0OZ177MLX12 JUL20,ML,Taicang_PG,371
12,ALL,Mask,82314750,Ultra Repair,FAB,815517026067,FAB UTRP OAT TNR 6.0OZ177MLX12 JUL20,ML,Wuhan_PG,372
12,ALL,Mask,82314750,Ultra Repair,FAB,815517026067,FAB UTRP OAT TNR 6.0OZ177MLX12 JUL20,ML,Xian_PG,373
12,ALL,Mask,82314750,Ultra Repair,FAB,815517026067,FAB UTRP OAT TNR 6.0OZ177MLX12 JUL20,ML,Xiqing_PG,374
12,ALL,Mask,82314750,Ultra Repair,FAB,815517026067,FAB UTRP OAT TNR 6.0OZ177MLX12 JUL20,ML,Xiqing_TMALL,375
12,DY,Mask,82314750,Ultra Repair,FAB,815517026067,FAB UTRP OAT TNR 6.0OZ177MLX12 JUL20,ML,ALL,376
12,DY,Mask,82314750,Ultra Repair,FAB,815517026067,FAB UTRP OAT TNR 6.0OZ177MLX12 JUL20,ML,Luogang_DY,377
12,DY,Mask,82314750,Ultra Repair,FAB,815517026067,FAB UTRP OAT TNR 6.0OZ177MLX12 JUL20,ML,Luogang_PG,378
12,DY,Mask,82314750,Ultra Repair,FAB,815517026067,FAB UTRP OAT TNR 6.0OZ177MLX12 JUL20,ML,Taicang_DY,379
12,DY,Mask,82314750,Ultra Repair,FAB,815517026067,FAB UTRP OAT TNR 6.0OZ177MLX12 JUL20,ML,Taicang_PG,380
12,DY,Mask,82314750,Ultra Repair,FAB,815517026067,FAB UTRP OAT TNR 6.0OZ177MLX12 JUL20,ML,Xiqing_DY,381
12,DY,Mask,82314750,Ultra Repair,FAB,815517026067,FAB UTRP OAT TNR 6.0OZ177MLX12 JUL20,ML,Xiqing_PG,382
12,JD,Mask,82314750,Ultra Repair,FAB,815517026067,FAB UTRP OAT TNR 6.0OZ177MLX12 JUL20,ML,ALL,383
12,JD,Mask,82314750,Ultra Repair,FAB,815517026067,FAB UTRP OAT TNR 6.0OZ177MLX12 JUL20,ML,Chengdu_JD,384
12,JD,Mask,82314750,Ultra Repair,FAB,815517026067,FAB UTRP OAT TNR 6.0OZ177MLX12 JUL20,ML,Luogang_JD,385
12,JD,Mask,82314750,Ultra Repair,FAB,815517026067,FAB UTRP OAT TNR 6.0OZ177MLX12 JUL20,ML,Shenyang_JD,386
12,JD,Mask,82314750,Ultra Repair,FAB,815517026067,FAB UTRP OAT TNR 6.0OZ177MLX12 JUL20,ML,Taicang_JD,387
12,JD,Mask,82314750,Ultra Repair,FAB,815517026067,FAB UTRP OAT TNR 6.0OZ177MLX12 JUL20,ML,Wuhan_JD,388
12,JD,Mask,82314750,Ultra Repair,FAB,815517026067,FAB UTRP OAT TNR 6.0OZ177MLX12 JUL20,ML,Xian_JD,389
12,JD,Mask,82314750,Ultra Repair,FAB,815517026067,FAB UTRP OAT TNR 6.0OZ177MLX12 JUL20,ML,Xiqing_JD,390
12,TMALL,Mask,82314750,Ultra Repair,FAB,815517026067,FAB UTRP OAT TNR 6.0OZ177MLX12 JUL20,ML,ALL,391
12,TMALL,Mask,82314750,Ultra Repair,FAB,815517026067,FAB UTRP OAT TNR 6.0OZ177MLX12 JUL20,ML,Luogang_TMALL,392
12,TMALL,Mask,82314750,Ultra Repair,FAB,815517026067,FAB UTRP OAT TNR 6.0OZ177MLX12 JUL20,ML,TCDC_TMALL,393
12,TMALL,Mask,82314750,Ultra Repair,FAB,815517026067,FAB UTRP OAT TNR 6.0OZ177MLX12 JUL20,ML,Xiqing_PG,394
12,TMALL,Mask,82314750,Ultra Repair,FAB,815517026067,FAB UTRP OAT TNR 6.0OZ177MLX12 JUL20,ML,Xiqing_TMALL,395
24,ALL,Cleanser,82314722,Face,FAB,815517026081,FAB GENT FOAM CLSR 4.5OZ 133MLX24 JUL20,ML,Chengdu_PG,396
24,ALL,Cleanser,82314722,Face,FAB,815517026081,FAB GENT FOAM CLSR 4.5OZ 133MLX24 JUL20,ML,Luogang_PG,397
24,ALL,Cleanser,82314722,Face,FAB,815517026081,FAB GENT FOAM CLSR 4.5OZ 133MLX24 JUL20,ML,Luogang_TMALL,398
24,ALL,Cleanser,82314722,Face,FAB,815517026081,FAB GENT FOAM CLSR 4.5OZ 133MLX24 JUL20,ML,Shenyang_PG,399
24,ALL,Cleanser,82314722,Face,FAB,815517026081,FAB GENT FOAM CLSR 4.5OZ 133MLX24 JUL20,ML,TCDC_TMALL,400
24,ALL,Cleanser,82314722,Face,FAB,815517026081,FAB GENT FOAM CLSR 4.5OZ 133MLX24 JUL20,ML,Taicang_PG,401
24,ALL,Cleanser,82314722,Face,FAB,815517026081,FAB GENT FOAM CLSR 4.5OZ 133MLX24 JUL20,ML,Wuhan_PG,402
24,ALL,Cleanser,82314722,Face,FAB,815517026081,FAB GENT FOAM CLSR 4.5OZ 133MLX24 JUL20,ML,Xian_PG,403
24,ALL,Cleanser,82314722,Face,FAB,815517026081,FAB GENT FOAM CLSR 4.5OZ 133MLX24 JUL20,ML,Xiqing_PG,404
24,ALL,Cleanser,82314722,Face,FAB,815517026081,FAB GENT FOAM CLSR 4.5OZ 133MLX24 JUL20,ML,Xiqing_TMALL,405
24,DY,Cleanser,82314722,Face,FAB,815517026081,FAB GENT FOAM CLSR 4.5OZ 133MLX24 JUL20,ML,ALL,406
24,DY,Cleanser,82314722,Face,FAB,815517026081,FAB GENT FOAM CLSR 4.5OZ 133MLX24 JUL20,ML,Luogang_DY,407
24,DY,Cleanser,82314722,Face,FAB,815517026081,FAB GENT FOAM CLSR 4.5OZ 133MLX24 JUL20,ML,Luogang_PG,408
24,DY,Cleanser,82314722,Face,FAB,815517026081,FAB GENT FOAM CLSR 4.5OZ 133MLX24 JUL20,ML,Taicang_DY,409
24,DY,Cleanser,82314722,Face,FAB,815517026081,FAB GENT FOAM CLSR 4.5OZ 133MLX24 JUL20,ML,Taicang_PG,410
24,DY,Cleanser,82314722,Face,FAB,815517026081,FAB GENT FOAM CLSR 4.5OZ 133MLX24 JUL20,ML,Xiqing_DY,411
24,DY,Cleanser,82314722,Face,FAB,815517026081,FAB GENT FOAM CLSR 4.5OZ 133MLX24 JUL20,ML,Xiqing_PG,412
24,JD,Cleanser,82314722,Face,FAB,815517026081,FAB GENT FOAM CLSR 4.5OZ 133MLX24 JUL20,ML,ALL,413
24,JD,Cleanser,82314722,Face,FAB,815517026081,FAB GENT FOAM CLSR 4.5OZ 133MLX24 JUL20,ML,Chengdu_JD,414
24,JD,Cleanser,82314722,Face,FAB,815517026081,FAB GENT FOAM CLSR 4.5OZ 133MLX24 JUL20,ML,Chengdu_PG,415
24,JD,Cleanser,82314722,Face,FAB,815517026081,FAB GENT FOAM CLSR 4.5OZ 133MLX24 JUL20,ML,Luogang_JD,416
24,JD,Cleanser,82314722,Face,FAB,815517026081,FAB GENT FOAM CLSR 4.5OZ 133MLX24 JUL20,ML,Shenyang_JD,417
24,JD,Cleanser,82314722,Face,FAB,815517026081,FAB GENT FOAM CLSR 4.5OZ 133MLX24 JUL20,ML,Shenyang_PG,418
24,JD,Cleanser,82314722,Face,FAB,815517026081,FAB GENT FOAM CLSR 4.5OZ 133MLX24 JUL20,ML,Taicang_JD,419
24,JD,Cleanser,82314722,Face,FAB,815517026081,FAB GENT FOAM CLSR 4.5OZ 133MLX24 JUL20,ML,Wuhan_JD,420
24,JD,Cleanser,82314722,Face,FAB,815517026081,FAB GENT FOAM CLSR 4.5OZ 133MLX24 JUL20,ML,Wuhan_PG,421
24,JD,Cleanser,82314722,Face,FAB,815517026081,FAB GENT FOAM CLSR 4.5OZ 133MLX24 JUL20,ML,Xian_JD,422
24,JD,Cleanser,82314722,Face,FAB,815517026081,FAB GENT FOAM CLSR 4.5OZ 133MLX24 JUL20,ML,Xian_PG,423
24,JD,Cleanser,82314722,Face,FAB,815517026081,FAB GENT FOAM CLSR 4.5OZ 133MLX24 JUL20,ML,Xiqing_JD,424
24,TMALL,Cleanser,82314722,Face,FAB,815517026081,FAB GENT FOAM CLSR 4.5OZ 133MLX24 JUL20,ML,ALL,425
24,TMALL,Cleanser,82314722,Face,FAB,815517026081,FAB GENT FOAM CLSR 4.5OZ 133MLX24 JUL20,ML,Luogang_TMALL,426
24,TMALL,Cleanser,82314722,Face,FAB,815517026081,FAB GENT FOAM CLSR 4.5OZ 133MLX24 JUL20,ML,TCDC_TMALL,427
24,TMALL,Cleanser,82314722,Face,FAB,815517026081,FAB GENT FOAM CLSR 4.5OZ 133MLX24 JUL20,ML,Xiqing_TMALL,428
24,ALL,Cream,82314746,Ultra Repair,FAB,815517026265,FAB UT RPAR CRM 4.0OZ 113GX24 JAR JUL20,G,Chengdu_PG,429
24,ALL,Cream,82314746,Ultra Repair,FAB,815517026265,FAB UT RPAR CRM 4.0OZ 113GX24 JAR JUL20,G,Luogang_PG,430
24,ALL,Cream,82314746,Ultra Repair,FAB,815517026265,FAB UT RPAR CRM 4.0OZ 113GX24 JAR JUL20,G,Luogang_TMALL,431
24,ALL,Cream,82314746,Ultra Repair,FAB,815517026265,FAB UT RPAR CRM 4.0OZ 113GX24 JAR JUL20,G,Shenyang_PG,432
24,ALL,Cream,82314746,Ultra Repair,FAB,815517026265,FAB UT RPAR CRM 4.0OZ 113GX24 JAR JUL20,G,TCDC_TMALL,433
24,ALL,Cream,82314746,Ultra Repair,FAB,815517026265,FAB UT RPAR CRM 4.0OZ 113GX24 JAR JUL20,G,Taicang_PG,434
24,ALL,Cream,82314746,Ultra Repair,FAB,815517026265,FAB UT RPAR CRM 4.0OZ 113GX24 JAR JUL20,G,Wuhan_PG,435
24,ALL,Cream,82314746,Ultra Repair,FAB,815517026265,FAB UT RPAR CRM 4.0OZ 113GX24 JAR JUL20,G,Xian_PG,436
24,ALL,Cream,82314746,Ultra Repair,FAB,815517026265,FAB UT RPAR CRM 4.0OZ 113GX24 JAR JUL20,G,Xiqing_PG,437
24,ALL,Cream,82314746,Ultra Repair,FAB,815517026265,FAB UT RPAR CRM 4.0OZ 113GX24 JAR JUL20,G,Xiqing_TMALL,438
24,DY,Cream,82314746,Ultra Repair,FAB,815517026265,FAB UT RPAR CRM 4.0OZ 113GX24 JAR JUL20,G,ALL,439
24,DY,Cream,82314746,Ultra Repair,FAB,815517026265,FAB UT RPAR CRM 4.0OZ 113GX24 JAR JUL20,G,Luogang_DY,440
24,DY,Cream,82314746,Ultra Repair,FAB,815517026265,FAB UT RPAR CRM 4.0OZ 113GX24 JAR JUL20,G,Luogang_PG,441
24,DY,Cream,82314746,Ultra Repair,FAB,815517026265,FAB UT RPAR CRM 4.0OZ 113GX24 JAR JUL20,G,Taicang_DY,442
24,DY,Cream,82314746,Ultra Repair,FAB,815517026265,FAB UT RPAR CRM 4.0OZ 113GX24 JAR JUL20,G,Taicang_PG,443
24,DY,Cream,82314746,Ultra Repair,FAB,815517026265,FAB UT RPAR CRM 4.0OZ 113GX24 JAR JUL20,G,Xiqing_DY,444
24,DY,Cream,82314746,Ultra Repair,FAB,815517026265,FAB UT RPAR CRM 4.0OZ 113GX24 JAR JUL20,G,Xiqing_PG,445
24,JD,Cream,82314746,Ultra Repair,FAB,815517026265,FAB UT RPAR CRM 4.0OZ 113GX24 JAR JUL20,G,ALL,446
24,JD,Cream,82314746,Ultra Repair,FAB,815517026265,FAB UT RPAR CRM 4.0OZ 113GX24 JAR JUL20,G,Chengdu_JD,447
24,JD,Cream,82314746,Ultra Repair,FAB,815517026265,FAB UT RPAR CRM 4.0OZ 113GX24 JAR JUL20,G,Luogang_JD,448
24,JD,Cream,82314746,Ultra Repair,FAB,815517026265,FAB UT RPAR CRM 4.0OZ 113GX24 JAR JUL20,G,Shenyang_JD,449
24,JD,Cream,82314746,Ultra Repair,FAB,815517026265,FAB UT RPAR CRM 4.0OZ 113GX24 JAR JUL20,G,Taicang_JD,450
24,JD,Cream,82314746,Ultra Repair,FAB,815517026265,FAB UT RPAR CRM 4.0OZ 113GX24 JAR JUL20,G,Wuhan_JD,451
24,JD,Cream,82314746,Ultra Repair,FAB,815517026265,FAB UT RPAR CRM 4.0OZ 113GX24 JAR JUL20,G,Xian_JD,452
24,JD,Cream,82314746,Ultra Repair,FAB,815517026265,FAB UT RPAR CRM 4.0OZ 113GX24 JAR JUL20,G,Xiqing_JD,453
24,TMALL,Cream,82314746,Ultra Repair,FAB,815517026265,FAB UT RPAR CRM 4.0OZ 113GX24 JAR JUL20,G,ALL,454
24,TMALL,Cream,82314746,Ultra Repair,FAB,815517026265,FAB UT RPAR CRM 4.0OZ 113GX24 JAR JUL20,G,Luogang_TMALL,455
24,TMALL,Cream,82314746,Ultra Repair,FAB,815517026265,FAB UT RPAR CRM 4.0OZ 113GX24 JAR JUL20,G,TCDC_TMALL,456
24,TMALL,Cream,82314746,Ultra Repair,FAB,815517026265,FAB UT RPAR CRM 4.0OZ 113GX24 JAR JUL20,G,Xiqing_PG,457
24,TMALL,Cream,82314746,Ultra Repair,FAB,815517026265,FAB UT RPAR CRM 4.0OZ 113GX24 JAR JUL20,G,Xiqing_TMALL,458
24,ALL,Pads,80729284,Face,FAB,815517026272,FAB FACIAL RADIANCE PADS 28PCSX24 SEP 22,Pcs,Chengdu_PG,459
24,ALL,Pads,80729284,Face,FAB,815517026272,FAB FACIAL RADIANCE PADS 28PCSX24 SEP 22,Pcs,Luogang_PG,460
24,ALL,Pads,80729284,Face,FAB,815517026272,FAB FACIAL RADIANCE PADS 28PCSX24 SEP 22,Pcs,Luogang_TMALL,461
24,ALL,Pads,80729284,Face,FAB,815517026272,FAB FACIAL RADIANCE PADS 28PCSX24 SEP 22,Pcs,Shenyang_PG,462
24,ALL,Pads,80729284,Face,FAB,815517026272,FAB FACIAL RADIANCE PADS 28PCSX24 SEP 22,Pcs,TCDC_TMALL,463
24,ALL,Pads,80729284,Face,FAB,815517026272,FAB FACIAL RADIANCE PADS 28PCSX24 SEP 22,Pcs,Taicang_PG,464
24,ALL,Pads,80729284,Face,FAB,815517026272,FAB FACIAL RADIANCE PADS 28PCSX24 SEP 22,Pcs,Wuhan_PG,465
24,ALL,Pads,80729284,Face,FAB,815517026272,FAB FACIAL RADIANCE PADS 28PCSX24 SEP 22,Pcs,Xian_PG,466
24,ALL,Pads,80729284,Face,FAB,815517026272,FAB FACIAL RADIANCE PADS 28PCSX24 SEP 22,Pcs,Xiqing_PG,467
24,ALL,Pads,80729284,Face,FAB,815517026272,FAB FACIAL RADIANCE PADS 28PCSX24 SEP 22,Pcs,Xiqing_TMALL,468
24,DY,Pads,80729284,Face,FAB,815517026272,FAB FACIAL RADIANCE PADS 28PCSX24 SEP 22,Pcs,ALL,469
24,DY,Pads,80729284,Face,FAB,815517026272,FAB FACIAL RADIANCE PADS 28PCSX24 SEP 22,Pcs,Luogang_DY,470
24,DY,Pads,80729284,Face,FAB,815517026272,FAB FACIAL RADIANCE PADS 28PCSX24 SEP 22,Pcs,Luogang_PG,471
24,DY,Pads,80729284,Face,FAB,815517026272,FAB FACIAL RADIANCE PADS 28PCSX24 SEP 22,Pcs,Taicang_DY,472
24,DY,Pads,80729284,Face,FAB,815517026272,FAB FACIAL RADIANCE PADS 28PCSX24 SEP 22,Pcs,Taicang_PG,473
24,DY,Pads,80729284,Face,FAB,815517026272,FAB FACIAL RADIANCE PADS 28PCSX24 SEP 22,Pcs,Xiqing_DY,474
24,DY,Pads,80729284,Face,FAB,815517026272,FAB FACIAL RADIANCE PADS 28PCSX24 SEP 22,Pcs,Xiqing_PG,475
24,JD,Pads,80729284,Face,FAB,815517026272,FAB FACIAL RADIANCE PADS 28PCSX24 SEP 22,Pcs,ALL,476
24,JD,Pads,80729284,Face,FAB,815517026272,FAB FACIAL RADIANCE PADS 28PCSX24 SEP 22,Pcs,Chengdu_JD,477
24,JD,Pads,80729284,Face,FAB,815517026272,FAB FACIAL RADIANCE PADS 28PCSX24 SEP 22,Pcs,Chengdu_PG,478
24,JD,Pads,80729284,Face,FAB,815517026272,FAB FACIAL RADIANCE PADS 28PCSX24 SEP 22,Pcs,Luogang_JD,479
24,JD,Pads,80729284,Face,FAB,815517026272,FAB FACIAL RADIANCE PADS 28PCSX24 SEP 22,Pcs,Luogang_PG,480
24,JD,Pads,80729284,Face,FAB,815517026272,FAB FACIAL RADIANCE PADS 28PCSX24 SEP 22,Pcs,Shenyang_JD,481
24,JD,Pads,80729284,Face,FAB,815517026272,FAB FACIAL RADIANCE PADS 28PCSX24 SEP 22,Pcs,Shenyang_PG,482
24,JD,Pads,80729284,Face,FAB,815517026272,FAB FACIAL RADIANCE PADS 28PCSX24 SEP 22,Pcs,Taicang_JD,483
24,JD,Pads,80729284,Face,FAB,815517026272,FAB FACIAL RADIANCE PADS 28PCSX24 SEP 22,Pcs,Wuhan_JD,484
24,JD,Pads,80729284,Face,FAB,815517026272,FAB FACIAL RADIANCE PADS 28PCSX24 SEP 22,Pcs,Wuhan_PG,485
24,JD,Pads,80729284,Face,FAB,815517026272,FAB FACIAL RADIANCE PADS 28PCSX24 SEP 22,Pcs,Xian_JD,486
24,JD,Pads,80729284,Face,FAB,815517026272,FAB FACIAL RADIANCE PADS 28PCSX24 SEP 22,Pcs,Xian_PG,487
24,JD,Pads,80729284,Face,FAB,815517026272,FAB FACIAL RADIANCE PADS 28PCSX24 SEP 22,Pcs,Xiqing_JD,488
24,JD,Pads,80729284,Face,FAB,815517026272,FAB FACIAL RADIANCE PADS 28PCSX24 SEP 22,Pcs,Xiqing_PG,489
24,TMALL,Pads,80729284,Face,FAB,815517026272,FAB FACIAL RADIANCE PADS 28PCSX24 SEP 22,Pcs,ALL,490
24,TMALL,Pads,80729284,Face,FAB,815517026272,FAB FACIAL RADIANCE PADS 28PCSX24 SEP 22,Pcs,Luogang_PG,491
24,TMALL,Pads,80729284,Face,FAB,815517026272,FAB FACIAL RADIANCE PADS 28PCSX24 SEP 22,Pcs,Luogang_TMALL,492
24,TMALL,Pads,80729284,Face,FAB,815517026272,FAB FACIAL RADIANCE PADS 28PCSX24 SEP 22,Pcs,TCDC_TMALL,493
24,TMALL,Pads,80729284,Face,FAB,815517026272,FAB FACIAL RADIANCE PADS 28PCSX24 SEP 22,Pcs,Xiqing_PG,494
24,TMALL,Pads,80729284,Face,FAB,815517026272,FAB FACIAL RADIANCE PADS 28PCSX24 SEP 22,Pcs,Xiqing_TMALL,495
1,ALL,Moisturizer,82324284,Ultra Repair,FAB,815517026999,Ultra Repair Oil control moisturizer - 1.7fl oz Jar,Oz,Chengdu_PG,496
1,ALL,Moisturizer,82324284,Ultra Repair,FAB,815517026999,Ultra Repair Oil control moisturizer - 1.7fl oz Jar,Oz,Luogang_PG,497
1,ALL,Moisturizer,82324284,Ultra Repair,FAB,815517026999,Ultra Repair Oil control moisturizer - 1.7fl oz Jar,Oz,Luogang_TMALL,498
1,ALL,Moisturizer,82324284,Ultra Repair,FAB,815517026999,Ultra Repair Oil control moisturizer - 1.7fl oz Jar,Oz,Shenyang_PG,499
1,ALL,Moisturizer,82324284,Ultra Repair,FAB,815517026999,Ultra Repair Oil control moisturizer - 1.7fl oz Jar,Oz,TCDC_TMALL,500
1,ALL,Moisturizer,82324284,Ultra Repair,FAB,815517026999,Ultra Repair Oil control moisturizer - 1.7fl oz Jar,Oz,Taicang_PG,501
1,ALL,Moisturizer,82324284,Ultra Repair,FAB,815517026999,Ultra Repair Oil control moisturizer - 1.7fl oz Jar,Oz,Wuhan_PG,502
1,ALL,Moisturizer,82324284,Ultra Repair,FAB,815517026999,Ultra Repair Oil control moisturizer - 1.7fl oz Jar,Oz,Xian_PG,503
1,ALL,Moisturizer,82324284,Ultra Repair,FAB,815517026999,Ultra Repair Oil control moisturizer - 1.7fl oz Jar,Oz,Xiqing_PG,504
1,ALL,Moisturizer,82324284,Ultra Repair,FAB,815517026999,Ultra Repair Oil control moisturizer - 1.7fl oz Jar,Oz,Xiqing_TMALL,505
1,DY,Moisturizer,82324284,Ultra Repair,FAB,815517026999,Ultra Repair Oil control moisturizer - 1.7fl oz Jar,Oz,ALL,506
1,DY,Moisturizer,82324284,Ultra Repair,FAB,815517026999,Ultra Repair Oil control moisturizer - 1.7fl oz Jar,Oz,Luogang_DY,507
1,DY,Moisturizer,82324284,Ultra Repair,FAB,815517026999,Ultra Repair Oil control moisturizer - 1.7fl oz Jar,Oz,Taicang_DY,508
1,DY,Moisturizer,82324284,Ultra Repair,FAB,815517026999,Ultra Repair Oil control moisturizer - 1.7fl oz Jar,Oz,Xiqing_DY,509
1,DY,Moisturizer,82324284,Ultra Repair,FAB,815517026999,Ultra Repair Oil control moisturizer - 1.7fl oz Jar,Oz,Xiqing_PG,510
1,JD,Moisturizer,82324284,Ultra Repair,FAB,815517026999,Ultra Repair Oil control moisturizer - 1.7fl oz Jar,Oz,ALL,511
1,JD,Moisturizer,82324284,Ultra Repair,FAB,815517026999,Ultra Repair Oil control moisturizer - 1.7fl oz Jar,Oz,Chengdu_JD,512
1,JD,Moisturizer,82324284,Ultra Repair,FAB,815517026999,Ultra Repair Oil control moisturizer - 1.7fl oz Jar,Oz,Luogang_JD,513
1,JD,Moisturizer,82324284,Ultra Repair,FAB,815517026999,Ultra Repair Oil control moisturizer - 1.7fl oz Jar,Oz,Shenyang_JD,514
1,JD,Moisturizer,82324284,Ultra Repair,FAB,815517026999,Ultra Repair Oil control moisturizer - 1.7fl oz Jar,Oz,Taicang_JD,515
1,JD,Moisturizer,82324284,Ultra Repair,FAB,815517026999,Ultra Repair Oil control moisturizer - 1.7fl oz Jar,Oz,Wuhan_JD,516
1,JD,Moisturizer,82324284,Ultra Repair,FAB,815517026999,Ultra Repair Oil control moisturizer - 1.7fl oz Jar,Oz,Xian_JD,517
1,JD,Moisturizer,82324284,Ultra Repair,FAB,815517026999,Ultra Repair Oil control moisturizer - 1.7fl oz Jar,Oz,Xiqing_JD,518
1,TMALL,Moisturizer,82324284,Ultra Repair,FAB,815517026999,Ultra Repair Oil control moisturizer - 1.7fl oz Jar,Oz,ALL,519
1,TMALL,Moisturizer,82324284,Ultra Repair,FAB,815517026999,Ultra Repair Oil control moisturizer - 1.7fl oz Jar,Oz,Luogang_TMALL,520
1,TMALL,Moisturizer,82324284,Ultra Repair,FAB,815517026999,Ultra Repair Oil control moisturizer - 1.7fl oz Jar,Oz,TCDC_TMALL,521
1,TMALL,Moisturizer,82324284,Ultra Repair,FAB,815517026999,Ultra Repair Oil control moisturizer - 1.7fl oz Jar,Oz,Xiqing_TMALL,522
25,ALL,Cleanser,80681363,Face,FAB,815517027163,FAB FACE CLEANSER 2OZ 56.7GX24 JAN21,G,Chengdu_PG,523
25,ALL,Cleanser,80681363,Face,FAB,815517027163,FAB FACE CLEANSER 2OZ 56.7GX24 JAN21,G,Luogang_PG,524
25,ALL,Cleanser,80681363,Face,FAB,815517027163,FAB FACE CLEANSER 2OZ 56.7GX24 JAN21,G,Luogang_TMALL,525
25,ALL,Cleanser,80681363,Face,FAB,815517027163,FAB FACE CLEANSER 2OZ 56.7GX24 JAN21,G,Shenyang_PG,526
25,ALL,Cleanser,80681363,Face,FAB,815517027163,FAB FACE CLEANSER 2OZ 56.7GX24 JAN21,G,TCDC_TMALL,527
25,ALL,Cleanser,80681363,Face,FAB,815517027163,FAB FACE CLEANSER 2OZ 56.7GX24 JAN21,G,Taicang_PG,528
25,ALL,Cleanser,80681363,Face,FAB,815517027163,FAB FACE CLEANSER 2OZ 56.7GX24 JAN21,G,Wuhan_PG,529
25,ALL,Cleanser,80681363,Face,FAB,815517027163,FAB FACE CLEANSER 2OZ 56.7GX24 JAN21,G,Xian_PG,530
25,ALL,Cleanser,80681363,Face,FAB,815517027163,FAB FACE CLEANSER 2OZ 56.7GX24 JAN21,G,Xiqing_PG,531
25,ALL,Cleanser,80681363,Face,FAB,815517027163,FAB FACE CLEANSER 2OZ 56.7GX24 JAN21,G,Xiqing_TMALL,532
25,DY,Cleanser,80681363,Face,FAB,815517027163,FAB FACE CLEANSER 2OZ 56.7GX24 JAN21,G,ALL,533
25,DY,Cleanser,80681363,Face,FAB,815517027163,FAB FACE CLEANSER 2OZ 56.7GX24 JAN21,G,Luogang_DY,534
25,DY,Cleanser,80681363,Face,FAB,815517027163,FAB FACE CLEANSER 2OZ 56.7GX24 JAN21,G,Luogang_PG,535
25,DY,Cleanser,80681363,Face,FAB,815517027163,FAB FACE CLEANSER 2OZ 56.7GX24 JAN21,G,Taicang_DY,536
25,DY,Cleanser,80681363,Face,FAB,815517027163,FAB FACE CLEANSER 2OZ 56.7GX24 JAN21,G,Taicang_PG,537
25,DY,Cleanser,80681363,Face,FAB,815517027163,FAB FACE CLEANSER 2OZ 56.7GX24 JAN21,G,Xiqing_DY,538
25,DY,Cleanser,80681363,Face,FAB,815517027163,FAB FACE CLEANSER 2OZ 56.7GX24 JAN21,G,Xiqing_PG,539
25,JD,Cleanser,80681363,Face,FAB,815517027163,FAB FACE CLEANSER 2OZ 56.7GX24 JAN21,G,ALL,540
25,JD,Cleanser,80681363,Face,FAB,815517027163,FAB FACE CLEANSER 2OZ 56.7GX24 JAN21,G,Chengdu_JD,541
25,JD,Cleanser,80681363,Face,FAB,815517027163,FAB FACE CLEANSER 2OZ 56.7GX24 JAN21,G,Luogang_JD,542
25,JD,Cleanser,80681363,Face,FAB,815517027163,FAB FACE CLEANSER 2OZ 56.7GX24 JAN21,G,Shenyang_JD,543
25,JD,Cleanser,80681363,Face,FAB,815517027163,FAB FACE CLEANSER 2OZ 56.7GX24 JAN21,G,Taicang_JD,544
25,JD,Cleanser,80681363,Face,FAB,815517027163,FAB FACE CLEANSER 2OZ 56.7GX24 JAN21,G,Wuhan_JD,545
25,JD,Cleanser,80681363,Face,FAB,815517027163,FAB FACE CLEANSER 2OZ 56.7GX24 JAN21,G,Xian_JD,546
25,JD,Cleanser,80681363,Face,FAB,815517027163,FAB FACE CLEANSER 2OZ 56.7GX24 JAN21,G,Xiqing_JD,547
25,TMALL,Cleanser,80681363,Face,FAB,815517027163,FAB FACE CLEANSER 2OZ 56.7GX24 JAN21,G,ALL,548
25,TMALL,Cleanser,80681363,Face,FAB,815517027163,FAB FACE CLEANSER 2OZ 56.7GX24 JAN21,G,Luogang_TMALL,549
25,TMALL,Cleanser,80681363,Face,FAB,815517027163,FAB FACE CLEANSER 2OZ 56.7GX24 JAN21,G,TCDC_TMALL,550
25,TMALL,Cleanser,80681363,Face,FAB,815517027163,FAB FACE CLEANSER 2OZ 56.7GX24 JAN21,G,Xiqing_PG,551
25,TMALL,Cleanser,80681363,Face,FAB,815517027163,FAB FACE CLEANSER 2OZ 56.7GX24 JAN21,G,Xiqing_TMALL,552
24,ALL,Mask,80693877,Face,FAB,815517027170,FAB OATMEAL MASK 2OZ 56.7GX24 DEC21,G,Chengdu_PG,553
24,ALL,Mask,80693877,Face,FAB,815517027170,FAB OATMEAL MASK 2OZ 56.7GX24 DEC21,G,Luogang_PG,554
24,ALL,Mask,80693877,Face,FAB,815517027170,FAB OATMEAL MASK 2OZ 56.7GX24 DEC21,G,Luogang_TMALL,555
24,ALL,Mask,80693877,Face,FAB,815517027170,FAB OATMEAL MASK 2OZ 56.7GX24 DEC21,G,Shenyang_PG,556
24,ALL,Mask,80693877,Face,FAB,815517027170,FAB OATMEAL MASK 2OZ 56.7GX24 DEC21,G,TCDC_TMALL,557
24,ALL,Mask,80693877,Face,FAB,815517027170,FAB OATMEAL MASK 2OZ 56.7GX24 DEC21,G,Taicang_PG,558
24,ALL,Mask,80693877,Face,FAB,815517027170,FAB OATMEAL MASK 2OZ 56.7GX24 DEC21,G,Wuhan_PG,559
24,ALL,Mask,80693877,Face,FAB,815517027170,FAB OATMEAL MASK 2OZ 56.7GX24 DEC21,G,Xian_PG,560
24,ALL,Mask,80693877,Face,FAB,815517027170,FAB OATMEAL MASK 2OZ 56.7GX24 DEC21,G,Xiqing_PG,561
24,ALL,Mask,80693877,Face,FAB,815517027170,FAB OATMEAL MASK 2OZ 56.7GX24 DEC21,G,Xiqing_TMALL,562
24,DY,Mask,80693877,Face,FAB,815517027170,FAB OATMEAL MASK 2OZ 56.7GX24 DEC21,G,ALL,563
24,DY,Mask,80693877,Face,FAB,815517027170,FAB OATMEAL MASK 2OZ 56.7GX24 DEC21,G,Luogang_DY,564
24,DY,Mask,80693877,Face,FAB,815517027170,FAB OATMEAL MASK 2OZ 56.7GX24 DEC21,G,Luogang_PG,565
24,DY,Mask,80693877,Face,FAB,815517027170,FAB OATMEAL MASK 2OZ 56.7GX24 DEC21,G,Taicang_DY,566
24,DY,Mask,80693877,Face,FAB,815517027170,FAB OATMEAL MASK 2OZ 56.7GX24 DEC21,G,Taicang_PG,567
24,DY,Mask,80693877,Face,FAB,815517027170,FAB OATMEAL MASK 2OZ 56.7GX24 DEC21,G,Xiqing_DY,568
24,DY,Mask,80693877,Face,FAB,815517027170,FAB OATMEAL MASK 2OZ 56.7GX24 DEC21,G,Xiqing_PG,569
24,JD,Mask,80693877,Face,FAB,815517027170,FAB OATMEAL MASK 2OZ 56.7GX24 DEC21,G,ALL,570
24,JD,Mask,80693877,Face,FAB,815517027170,FAB OATMEAL MASK 2OZ 56.7GX24 DEC21,G,Chengdu_JD,571
24,JD,Mask,80693877,Face,FAB,815517027170,FAB OATMEAL MASK 2OZ 56.7GX24 DEC21,G,Luogang_JD,572
24,JD,Mask,80693877,Face,FAB,815517027170,FAB OATMEAL MASK 2OZ 56.7GX24 DEC21,G,Shenyang_JD,573
24,JD,Mask,80693877,Face,FAB,815517027170,FAB OATMEAL MASK 2OZ 56.7GX24 DEC21,G,Taicang_JD,574
24,JD,Mask,80693877,Face,FAB,815517027170,FAB OATMEAL MASK 2OZ 56.7GX24 DEC21,G,Wuhan_JD,575
24,JD,Mask,80693877,Face,FAB,815517027170,FAB OATMEAL MASK 2OZ 56.7GX24 DEC21,G,Xian_JD,576
24,JD,Mask,80693877,Face,FAB,815517027170,FAB OATMEAL MASK 2OZ 56.7GX24 DEC21,G,Xian_PG,577
24,JD,Mask,80693877,Face,FAB,815517027170,FAB OATMEAL MASK 2OZ 56.7GX24 DEC21,G,Xiqing_JD,578
24,TMALL,Mask,80693877,Face,FAB,815517027170,FAB OATMEAL MASK 2OZ 56.7GX24 DEC21,G,ALL,579
24,TMALL,Mask,80693877,Face,FAB,815517027170,FAB OATMEAL MASK 2OZ 56.7GX24 DEC21,G,Luogang_TMALL,580
24,TMALL,Mask,80693877,Face,FAB,815517027170,FAB OATMEAL MASK 2OZ 56.7GX24 DEC21,G,TCDC_TMALL,581
24,TMALL,Mask,80693877,Face,FAB,815517027170,FAB OATMEAL MASK 2OZ 56.7GX24 DEC21,G,Xiqing_TMALL,582
12,ALL,Cream,80685834,Eye,FAB,815517027491,FAB RETINOL EYE CREAM 15ML X12 DEC21,ML,Chengdu_PG,583
12,ALL,Cream,80685834,Eye,FAB,815517027491,FAB RETINOL EYE CREAM 15ML X12 DEC21,ML,Luogang_PG,584
12,ALL,Cream,80685834,Eye,FAB,815517027491,FAB RETINOL EYE CREAM 15ML X12 DEC21,ML,Luogang_TMALL,585
12,ALL,Cream,80685834,Eye,FAB,815517027491,FAB RETINOL EYE CREAM 15ML X12 DEC21,ML,Shenyang_PG,586
12,ALL,Cream,80685834,Eye,FAB,815517027491,FAB RETINOL EYE CREAM 15ML X12 DEC21,ML,TCDC_TMALL,587
12,ALL,Cream,80685834,Eye,FAB,815517027491,FAB RETINOL EYE CREAM 15ML X12 DEC21,ML,Taicang_PG,588
12,ALL,Cream,80685834,Eye,FAB,815517027491,FAB RETINOL EYE CREAM 15ML X12 DEC21,ML,Wuhan_PG,589
12,ALL,Cream,80685834,Eye,FAB,815517027491,FAB RETINOL EYE CREAM 15ML X12 DEC21,ML,Xian_PG,590
12,ALL,Cream,80685834,Eye,FAB,815517027491,FAB RETINOL EYE CREAM 15ML X12 DEC21,ML,Xiqing_PG,591
12,ALL,Cream,80685834,Eye,FAB,815517027491,FAB RETINOL EYE CREAM 15ML X12 DEC21,ML,Xiqing_TMALL,592
12,DY,Cream,80685834,Eye,FAB,815517027491,FAB RETINOL EYE CREAM 15ML X12 DEC21,ML,ALL,593
12,DY,Cream,80685834,Eye,FAB,815517027491,FAB RETINOL EYE CREAM 15ML X12 DEC21,ML,Luogang_DY,594
12,DY,Cream,80685834,Eye,FAB,815517027491,FAB RETINOL EYE CREAM 15ML X12 DEC21,ML,Luogang_PG,595
12,DY,Cream,80685834,Eye,FAB,815517027491,FAB RETINOL EYE CREAM 15ML X12 DEC21,ML,Taicang_DY,596
12,DY,Cream,80685834,Eye,FAB,815517027491,FAB RETINOL EYE CREAM 15ML X12 DEC21,ML,Taicang_PG,597
12,DY,Cream,80685834,Eye,FAB,815517027491,FAB RETINOL EYE CREAM 15ML X12 DEC21,ML,Xiqing_DY,598
12,DY,Cream,80685834,Eye,FAB,815517027491,FAB RETINOL EYE CREAM 15ML X12 DEC21,ML,Xiqing_PG,599
12,JD,Cream,80685834,Eye,FAB,815517027491,FAB RETINOL EYE CREAM 15ML X12 DEC21,ML,ALL,600
12,JD,Cream,80685834,Eye,FAB,815517027491,FAB RETINOL EYE CREAM 15ML X12 DEC21,ML,Chengdu_JD,601
12,JD,Cream,80685834,Eye,FAB,815517027491,FAB RETINOL EYE CREAM 15ML X12 DEC21,ML,Luogang_JD,602
12,JD,Cream,80685834,Eye,FAB,815517027491,FAB RETINOL EYE CREAM 15ML X12 DEC21,ML,Shenyang_JD,603
12,JD,Cream,80685834,Eye,FAB,815517027491,FAB RETINOL EYE CREAM 15ML X12 DEC21,ML,Taicang_JD,604
12,JD,Cream,80685834,Eye,FAB,815517027491,FAB RETINOL EYE CREAM 15ML X12 DEC21,ML,Wuhan_JD,605
12,JD,Cream,80685834,Eye,FAB,815517027491,FAB RETINOL EYE CREAM 15ML X12 DEC21,ML,Xian_JD,606
12,JD,Cream,80685834,Eye,FAB,815517027491,FAB RETINOL EYE CREAM 15ML X12 DEC21,ML,Xiqing_JD,607
12,TMALL,Cream,80685834,Eye,FAB,815517027491,FAB RETINOL EYE CREAM 15ML X12 DEC21,ML,ALL,608
12,TMALL,Cream,80685834,Eye,FAB,815517027491,FAB RETINOL EYE CREAM 15ML X12 DEC21,ML,Luogang_TMALL,609
12,TMALL,Cream,80685834,Eye,FAB,815517027491,FAB RETINOL EYE CREAM 15ML X12 DEC21,ML,TCDC_TMALL,610
12,TMALL,Cream,80685834,Eye,FAB,815517027491,FAB RETINOL EYE CREAM 15ML X12 DEC21,ML,Xiqing_TMALL,611
24,ALL,Gel,80685602,Face,FAB,815517027606,FAB BHA TREATMENT GEL 22MLX24 SEP21,ML,Chengdu_PG,612
24,ALL,Gel,80685602,Face,FAB,815517027606,FAB BHA TREATMENT GEL 22MLX24 SEP21,ML,Luogang_PG,613
24,ALL,Gel,80685602,Face,FAB,815517027606,FAB BHA TREATMENT GEL 22MLX24 SEP21,ML,Luogang_TMALL,614
24,ALL,Gel,80685602,Face,FAB,815517027606,FAB BHA TREATMENT GEL 22MLX24 SEP21,ML,Shenyang_PG,615
24,ALL,Gel,80685602,Face,FAB,815517027606,FAB BHA TREATMENT GEL 22MLX24 SEP21,ML,TCDC_TMALL,616
24,ALL,Gel,80685602,Face,FAB,815517027606,FAB BHA TREATMENT GEL 22MLX24 SEP21,ML,Taicang_PG,617
24,ALL,Gel,80685602,Face,FAB,815517027606,FAB BHA TREATMENT GEL 22MLX24 SEP21,ML,Wuhan_PG,618
24,ALL,Gel,80685602,Face,FAB,815517027606,FAB BHA TREATMENT GEL 22MLX24 SEP21,ML,Xian_PG,619
24,ALL,Gel,80685602,Face,FAB,815517027606,FAB BHA TREATMENT GEL 22MLX24 SEP21,ML,Xiqing_PG,620
24,ALL,Gel,80685602,Face,FAB,815517027606,FAB BHA TREATMENT GEL 22MLX24 SEP21,ML,Xiqing_TMALL,621
24,DY,Gel,80685602,Face,FAB,815517027606,FAB BHA TREATMENT GEL 22MLX24 SEP21,ML,ALL,622
24,DY,Gel,80685602,Face,FAB,815517027606,FAB BHA TREATMENT GEL 22MLX24 SEP21,ML,Luogang_DY,623
24,DY,Gel,80685602,Face,FAB,815517027606,FAB BHA TREATMENT GEL 22MLX24 SEP21,ML,Luogang_PG,624
24,DY,Gel,80685602,Face,FAB,815517027606,FAB BHA TREATMENT GEL 22MLX24 SEP21,ML,Taicang_DY,625
24,DY,Gel,80685602,Face,FAB,815517027606,FAB BHA TREATMENT GEL 22MLX24 SEP21,ML,Taicang_PG,626
24,DY,Gel,80685602,Face,FAB,815517027606,FAB BHA TREATMENT GEL 22MLX24 SEP21,ML,Xiqing_DY,627
24,DY,Gel,80685602,Face,FAB,815517027606,FAB BHA TREATMENT GEL 22MLX24 SEP21,ML,Xiqing_PG,628
24,JD,Gel,80685602,Face,FAB,815517027606,FAB BHA TREATMENT GEL 22MLX24 SEP21,ML,ALL,629
24,JD,Gel,80685602,Face,FAB,815517027606,FAB BHA TREATMENT GEL 22MLX24 SEP21,ML,Chengdu_JD,630
24,JD,Gel,80685602,Face,FAB,815517027606,FAB BHA TREATMENT GEL 22MLX24 SEP21,ML,Luogang_JD,631
24,JD,Gel,80685602,Face,FAB,815517027606,FAB BHA TREATMENT GEL 22MLX24 SEP21,ML,Shenyang_JD,632
24,JD,Gel,80685602,Face,FAB,815517027606,FAB BHA TREATMENT GEL 22MLX24 SEP21,ML,Taicang_JD,633
24,JD,Gel,80685602,Face,FAB,815517027606,FAB BHA TREATMENT GEL 22MLX24 SEP21,ML,Wuhan_JD,634
24,JD,Gel,80685602,Face,FAB,815517027606,FAB BHA TREATMENT GEL 22MLX24 SEP21,ML,Xian_JD,635
24,JD,Gel,80685602,Face,FAB,815517027606,FAB BHA TREATMENT GEL 22MLX24 SEP21,ML,Xiqing_JD,636
24,TMALL,Gel,80685602,Face,FAB,815517027606,FAB BHA TREATMENT GEL 22MLX24 SEP21,ML,ALL,637
24,TMALL,Gel,80685602,Face,FAB,815517027606,FAB BHA TREATMENT GEL 22MLX24 SEP21,ML,Luogang_TMALL,638
24,TMALL,Gel,80685602,Face,FAB,815517027606,FAB BHA TREATMENT GEL 22MLX24 SEP21,ML,TCDC_TMALL,639
24,TMALL,Gel,80685602,Face,FAB,815517027606,FAB BHA TREATMENT GEL 22MLX24 SEP21,ML,Xiqing_PG,640
24,TMALL,Gel,80685602,Face,FAB,815517027606,FAB BHA TREATMENT GEL 22MLX24 SEP21,ML,Xiqing_TMALL,641
24,ALL,Pads,80685599,Oil,FAB,815517027613,FAB OIL CONTROL PADS 28PCSX24 SEP21,Pcs,Chengdu_PG,642
24,ALL,Pads,80685599,Oil,FAB,815517027613,FAB OIL CONTROL PADS 28PCSX24 SEP21,Pcs,Luogang_PG,643
24,ALL,Pads,80685599,Oil,FAB,815517027613,FAB OIL CONTROL PADS 28PCSX24 SEP21,Pcs,Luogang_TMALL,644
24,ALL,Pads,80685599,Oil,FAB,815517027613,FAB OIL CONTROL PADS 28PCSX24 SEP21,Pcs,Shenyang_PG,645
24,ALL,Pads,80685599,Oil,FAB,815517027613,FAB OIL CONTROL PADS 28PCSX24 SEP21,Pcs,TCDC_TMALL,646
24,ALL,Pads,80685599,Oil,FAB,815517027613,FAB OIL CONTROL PADS 28PCSX24 SEP21,Pcs,Taicang_PG,647
24,ALL,Pads,80685599,Oil,FAB,815517027613,FAB OIL CONTROL PADS 28PCSX24 SEP21,Pcs,Wuhan_PG,648
24,ALL,Pads,80685599,Oil,FAB,815517027613,FAB OIL CONTROL PADS 28PCSX24 SEP21,Pcs,Xian_PG,649
24,ALL,Pads,80685599,Oil,FAB,815517027613,FAB OIL CONTROL PADS 28PCSX24 SEP21,Pcs,Xiqing_PG,650
24,ALL,Pads,80685599,Oil,FAB,815517027613,FAB OIL CONTROL PADS 28PCSX24 SEP21,Pcs,Xiqing_TMALL,651
24,DY,Pads,80685599,Oil,FAB,815517027613,FAB OIL CONTROL PADS 28PCSX24 SEP21,Pcs,ALL,652
24,DY,Pads,80685599,Oil,FAB,815517027613,FAB OIL CONTROL PADS 28PCSX24 SEP21,Pcs,Luogang_DY,653
24,DY,Pads,80685599,Oil,FAB,815517027613,FAB OIL CONTROL PADS 28PCSX24 SEP21,Pcs,Taicang_DY,654
24,DY,Pads,80685599,Oil,FAB,815517027613,FAB OIL CONTROL PADS 28PCSX24 SEP21,Pcs,Xiqing_DY,655
24,DY,Pads,80685599,Oil,FAB,815517027613,FAB OIL CONTROL PADS 28PCSX24 SEP21,Pcs,Xiqing_PG,656
24,JD,Pads,80685599,Oil,FAB,815517027613,FAB OIL CONTROL PADS 28PCSX24 SEP21,Pcs,ALL,657
24,JD,Pads,80685599,Oil,FAB,815517027613,FAB OIL CONTROL PADS 28PCSX24 SEP21,Pcs,Chengdu_JD,658
24,JD,Pads,80685599,Oil,FAB,815517027613,FAB OIL CONTROL PADS 28PCSX24 SEP21,Pcs,Luogang_JD,659
24,JD,Pads,80685599,Oil,FAB,815517027613,FAB OIL CONTROL PADS 28PCSX24 SEP21,Pcs,Shenyang_JD,660
24,JD,Pads,80685599,Oil,FAB,815517027613,FAB OIL CONTROL PADS 28PCSX24 SEP21,Pcs,Taicang_JD,661
24,JD,Pads,80685599,Oil,FAB,815517027613,FAB OIL CONTROL PADS 28PCSX24 SEP21,Pcs,Taicang_PG,662
24,JD,Pads,80685599,Oil,FAB,815517027613,FAB OIL CONTROL PADS 28PCSX24 SEP21,Pcs,Wuhan_JD,663
24,JD,Pads,80685599,Oil,FAB,815517027613,FAB OIL CONTROL PADS 28PCSX24 SEP21,Pcs,Xian_JD,664
24,JD,Pads,80685599,Oil,FAB,815517027613,FAB OIL CONTROL PADS 28PCSX24 SEP21,Pcs,Xiqing_JD,665
24,TMALL,Pads,80685599,Oil,FAB,815517027613,FAB OIL CONTROL PADS 28PCSX24 SEP21,Pcs,ALL,666
24,TMALL,Pads,80685599,Oil,FAB,815517027613,FAB OIL CONTROL PADS 28PCSX24 SEP21,Pcs,Luogang_TMALL,667
24,TMALL,Pads,80685599,Oil,FAB,815517027613,FAB OIL CONTROL PADS 28PCSX24 SEP21,Pcs,TCDC_TMALL,668
24,TMALL,Pads,80685599,Oil,FAB,815517027613,FAB OIL CONTROL PADS 28PCSX24 SEP21,Pcs,Xiqing_TMALL,669
12,ALL,Moisturizer,80703071,Oil,FAB,815517028122,FAB OIL CONTROL 4.6OZ 138MLX12 APR22,ML,Chengdu_PG,670
12,ALL,Moisturizer,80703071,Oil,FAB,815517028122,FAB OIL CONTROL 4.6OZ 138MLX12 APR22,ML,Luogang_PG,671
12,ALL,Moisturizer,80703071,Oil,FAB,815517028122,FAB OIL CONTROL 4.6OZ 138MLX12 APR22,ML,Luogang_TMALL,672
12,ALL,Moisturizer,80703071,Oil,FAB,815517028122,FAB OIL CONTROL 4.6OZ 138MLX12 APR22,ML,Shenyang_PG,673
12,ALL,Moisturizer,80703071,Oil,FAB,815517028122,FAB OIL CONTROL 4.6OZ 138MLX12 APR22,ML,TCDC_TMALL,674
12,ALL,Moisturizer,80703071,Oil,FAB,815517028122,FAB OIL CONTROL 4.6OZ 138MLX12 APR22,ML,Taicang_PG,675
12,ALL,Moisturizer,80703071,Oil,FAB,815517028122,FAB OIL CONTROL 4.6OZ 138MLX12 APR22,ML,Wuhan_PG,676
12,ALL,Moisturizer,80703071,Oil,FAB,815517028122,FAB OIL CONTROL 4.6OZ 138MLX12 APR22,ML,Xian_PG,677
12,ALL,Moisturizer,80703071,Oil,FAB,815517028122,FAB OIL CONTROL 4.6OZ 138MLX12 APR22,ML,Xiqing_PG,678
12,ALL,Moisturizer,80703071,Oil,FAB,815517028122,FAB OIL CONTROL 4.6OZ 138MLX12 APR22,ML,Xiqing_TMALL,679
12,DY,Moisturizer,80703071,Oil,FAB,815517028122,FAB OIL CONTROL 4.6OZ 138MLX12 APR22,ML,ALL,680
12,DY,Moisturizer,80703071,Oil,FAB,815517028122,FAB OIL CONTROL 4.6OZ 138MLX12 APR22,ML,Luogang_DY,681
12,DY,Moisturizer,80703071,Oil,FAB,815517028122,FAB OIL CONTROL 4.6OZ 138MLX12 APR22,ML,Luogang_PG,682
12,DY,Moisturizer,80703071,Oil,FAB,815517028122,FAB OIL CONTROL 4.6OZ 138MLX12 APR22,ML,Taicang_DY,683
12,DY,Moisturizer,80703071,Oil,FAB,815517028122,FAB OIL CONTROL 4.6OZ 138MLX12 APR22,ML,Taicang_PG,684
12,DY,Moisturizer,80703071,Oil,FAB,815517028122,FAB OIL CONTROL 4.6OZ 138MLX12 APR22,ML,Xiqing_DY,685
12,DY,Moisturizer,80703071,Oil,FAB,815517028122,FAB OIL CONTROL 4.6OZ 138MLX12 APR22,ML,Xiqing_PG,686
12,JD,Moisturizer,80703071,Oil,FAB,815517028122,FAB OIL CONTROL 4.6OZ 138MLX12 APR22,ML,ALL,687
12,JD,Moisturizer,80703071,Oil,FAB,815517028122,FAB OIL CONTROL 4.6OZ 138MLX12 APR22,ML,Chengdu_JD,688
12,JD,Moisturizer,80703071,Oil,FAB,815517028122,FAB OIL CONTROL 4.6OZ 138MLX12 APR22,ML,Luogang_JD,689
12,JD,Moisturizer,80703071,Oil,FAB,815517028122,FAB OIL CONTROL 4.6OZ 138MLX12 APR22,ML,Shenyang_JD,690
12,JD,Moisturizer,80703071,Oil,FAB,815517028122,FAB OIL CONTROL 4.6OZ 138MLX12 APR22,ML,Taicang_JD,691
12,JD,Moisturizer,80703071,Oil,FAB,815517028122,FAB OIL CONTROL 4.6OZ 138MLX12 APR22,ML,Taicang_PG,692
12,JD,Moisturizer,80703071,Oil,FAB,815517028122,FAB OIL CONTROL 4.6OZ 138MLX12 APR22,ML,Wuhan_JD,693
12,JD,Moisturizer,80703071,Oil,FAB,815517028122,FAB OIL CONTROL 4.6OZ 138MLX12 APR22,ML,Xian_JD,694
12,JD,Moisturizer,80703071,Oil,FAB,815517028122,FAB OIL CONTROL 4.6OZ 138MLX12 APR22,ML,Xian_PG,695
12,JD,Moisturizer,80703071,Oil,FAB,815517028122,FAB OIL CONTROL 4.6OZ 138MLX12 APR22,ML,Xiqing_JD,696
12,JD,Moisturizer,80703071,Oil,FAB,815517028122,FAB OIL CONTROL 4.6OZ 138MLX12 APR22,ML,Xiqing_PG,697
12,TMALL,Moisturizer,80703071,Oil,FAB,815517028122,FAB OIL CONTROL 4.6OZ 138MLX12 APR22,ML,ALL,698
12,TMALL,Moisturizer,80703071,Oil,FAB,815517028122,FAB OIL CONTROL 4.6OZ 138MLX12 APR22,ML,Luogang_TMALL,699
12,TMALL,Moisturizer,80703071,Oil,FAB,815517028122,FAB OIL CONTROL 4.6OZ 138MLX12 APR22,ML,TCDC_TMALL,700
12,TMALL,Moisturizer,80703071,Oil,FAB,815517028122,FAB OIL CONTROL 4.6OZ 138MLX12 APR22,ML,Xiqing_TMALL,701
